"rssi","echo_time","01"
-37,137.22,10
-35,204.82,10
-33,33.53,10
-34,124.85,10
-35,101.07,10
-34,168.54,10
-34,204.86,10
-33,131.04,10
-36,262.38,10
-35,117.26,10
-34,48.53,10
-35,136.09,10
-33,28.64,10
-35,148.6,10
-38,243.13,10
-35,191.09,10
-34,173.61,10
-33,141.15,10
-34,127.34,10
-35,123.61,10
-36,197.35,10
-34,48.56,10
-34,19.9,10
-35,141.14,10
-34,21.12,10
-35,26.06,10
-33,216.12,10
-36,28.51,10
-34,78.59,10
-37,126.07,10
-36,137.31,10
-34,128.48,10
-36,158.73,10
-35,129.88,10
-34,129.86,10
-33,134.9,10
-38,193.55,10
-35,101.01,10
-32,81.03,10
-37,191.13,10
-37,142.29,10
-36,129.82,10
-33,41.15,10
-35,187.32,10
-34,143.57,10
-35,247.37,10
-37,333.63,10
-36,257.35,10
-34,107.37,10
-32,22.26,10
-33,123.57,10
-35,106.01,10
-34,178.53,10
-34,262.4,10
-35,26.08,10
-35,151.13,10
-37,135.61,10
-33,26.11,10
-35,159.88,10
-35,141.21,10
-35,127.34,10
-34,84.85,10
-37,291.16,10
-35,66.17,10
-35,130.97,10
-34,37.36,10
-34,108.63,10
-34,11.12,10
-37,126.05,10
-37,166.09,10
-36,339.79,10
-33,166.12,10
-34,143.6,10
-35,149.84,10
-33,91.06,10
-36,678.64,10
-32,41.16,10
-35,129.79,10
-32,169.8,10
-37,156.1,10
-34,127.31,10
-33,171.08,10
-36,133.62,10
-36,87.35,10
-35,94.89,10
-34,197.36,10
-35,202.34,10
-36,188.65,10
-34,229.03,10
-36,133.56,10
-35,131.08,10
-35,96.38,10
-36,132.37,10
-35,184.88,10
-35,136.11,10
-33,116.05,10
-33,113.59,10
-33,39.89,10
-34,108.58,10
-35,141,10
-36,79.86,10
-36,77.35,10
-36,308.58,10
-35,13.59,10
-36,183.53,10
-34,49.82,10
-36,262.3,10
-34,21.09,10
-33,74.84,10
-36,191.08,10
-34,244.79,10
-33,148.63,10
-34,14.86,10
-33,159.87,10
-34,124.82,10
-33,79.83,10
-34,117.33,10
-36,158.55,10
-36,226.08,10
-35,163.6,10
-35,89.9,10
-35,29.83,10
-36,221.01,10
-34,136.1,10
-34,132.3,10
-37,207.42,10
-31,159.81,10
-35,279.8,10
-34,154.89,10
-35,28.55,10
-33,48.6,10
-34,74.85,10
-36,81.11,10
-34,174.84,10
-36,129.83,10
-33,21.2,10
-35,198.6,10
-34,246.04,10
-36,168.62,10
-35,388.61,10
-34,126.04,10
-34,126.05,10
-34,128.57,10
-34,161.08,10
-35,131.05,10
-33,133.62,10
-34,207.34,10
-36,113.54,10
-34,97.35,10
-32,196.07,10
-34,141.02,10
-36,9.77,10
-35,211.06,10
-34,202.44,10
-34,148.54,10
-34,109.82,10
-35,127.36,10
-35,106.09,10
-36,179.84,10
-33,172.34,10
-34,99.81,10
-34,122.28,10
-34,156.08,10
-36,79.81,10
-34,131.12,10
-38,266.08,10
-35,191.11,10
-34,139.82,10
-33,143.58,10
-33,84.86,10
-34,16.06,10
-36,158.62,10
-34,147.34,10
-32,53.56,10
-33,94.9,10
-32,56.11,10
-34,99.88,10
-33,22.3,10
-33,88.59,10
-36,273.6,10
-35,136.05,10
-35,21.04,10
-33,133.55,10
-33,148.55,10
-35,174.85,10
-33,141.07,10
-34,24.83,10
-35,142.45,10
-34,164.85,10
-34,159.87,10
-32,76.04,10
-34,123.6,10
-34,194.85,10
-35,124.83,10
-36,242.36,10
-33,148.56,10
-37,281.1,10
-37,242.33,10
-34,82.27,10
-35,139.79,10
-37,192.38,10
-34,107.3,10
-32,128.61,10
-38,143.55,10
-34,38.59,10
-34,133.68,10
-36,127.31,10
-33,9.81,10
-37,7.25,10
-34,136.07,10
-32,134.81,10
-36,13.52,10
-34,48.62,10
-38,326.08,10
-35,88.64,10
-34,28.55,10
-34,212.33,10
-37,129.83,10
-37,106.13,10
-33,142.32,10
-35,93.53,10
-35,212.32,10
-33,169.82,10
-35,136.13,10
-36,172.38,10
-33,112.46,10
-37,36.12,10
-34,17.39,10
-34,93.61,10
-34,286.17,10
-34,242.32,10
-33,130.12,10
-35,94.85,10
-34,121.09,10
-34,126,10
-36,571.08,10
-33,137.3,10
-39,246.09,10
-35,61.11,10
-33,184.84,10
-35,151.22,10
-33,109.82,10
-35,137.31,10
-35,162.29,10
-35,119.86,10
-34,172.31,10
-34,121.06,10
-34,127.33,10
-34,153.58,10
-34,81.1,10
-35,99.8,10
-34,117.36,10
-34,158.58,10
-33,127.66,10
-33,134.88,10
-33,118.61,10
-35,168.52,10
-33,87.23,10
-37,227.31,10
-33,16.06,10
-33,87.36,10
-36,248.86,10
-34,208.65,10
-32,126.1,10
-34,131.63,10
-38,319.58,10
-33,124.83,10
-36,634.79,10
-36,19.82,10
-36,242.33,10
-36,18.55,10
-35,143.56,10
-36,138.53,10
-34,82.38,10
-34,156.09,10
-37,144.89,10
-36,27.36,10
-33,112.44,10
-33,88.67,10
-33,34.83,10
-35,239.8,10
-37,133.61,10
-34,48.51,10
-35,130.77,10
-33,189.91,10
-35,15.43,10
-33,81.1,10
-34,116.09,10
-33,224.52,10
-34,28.61,10
-34,31.13,10
-33,103.55,10
-34,132.98,10
-35,8.52,10
-33,112.33,10
-35,158,10
-34,61.11,10
-34,22.36,10
-37,136.06,10
-36,142.34,10
-35,247.41,10
-36,174.83,10
-35,238.57,10
-34,162.36,10
-33,184.82,10
-36,203.59,10
-35,202.36,10
-36,191.1,10
-35,182.33,10
-35,152.21,10
-33,192.32,10
-35,22.42,10
-33,116.12,10
-36,13.61,10
-35,19.73,10
-34,103.62,10
-33,152.75,10
-34,133.63,10
-36,99.9,10
-35,93.88,10
-35,423.86,10
-35,121.06,10
-35,126.07,10
-33,125.96,10
-35,201.16,10
-32,173.26,10
-35,93.59,10
-37,264.78,10
-34,117.31,10
-36,229.89,10
-35,158.62,10
-35,128.58,10
-35,131.07,10
-35,143.53,10
-37,197.33,10
-36,182.4,10
-35,164.81,10
-35,157.32,10
-37,129.86,10
-33,212.42,10
-34,39.89,10
-34,109.87,10
-34,112.34,10
-34,87.26,10
-33,121.1,10
-34,224.83,10
-33,79.91,10
-34,186.91,10
-35,134.85,10
-36,146.07,10
-33,227.37,10
-36,393.43,10
-34,14.84,10
-33,208.62,10
-35,178.65,10
-34,131.1,10
-34,113.94,10
-33,62.26,10
-33,136.05,10
-33,151.11,10
-33,87.3,10
-33,34.8,10
-33,83.46,10
-36,27.31,10
-33,113.7,10
-33,86.05,10
-35,138.36,10
-33,123.51,10
-37,124.9,10
-34,162.32,10
-33,31.09,10
-33,17.35,10
-35,79.79,10
-35,126.08,10
-35,127.35,10
-33,11.08,10
-33,113.58,10
-32,78.58,10
-34,18.55,10
-37,191.08,10
-35,201.07,10
-32,52.38,10
-36,298.58,10
-33,86.63,10
-34,194.71,10
-35,214.77,10
-33,124.75,10
-35,49.86,10
-35,149.88,10
-34,134.86,10
-35,79.81,10
-35,41.08,10
-35,144.9,10
-35,11.08,10
-37,21.13,10
-35,132.33,10
-34,316.09,10
-35,371.1,10
-35,14.79,10
-36,197.54,10
-33,101,10
-33,26.18,10
-36,231.11,10
-36,239.89,10
-38,311.01,10
-34,209.84,10
-35,81.08,10
-35,82.33,10
-37,309.87,10
-34,101.06,10
-38,242.39,10
-36,22.38,10
-35,246.15,10
-35,77.33,10
-33,18.06,10
-34,132.41,10
-34,86.1,10
-32,127.35,10
-33,52.29,10
-34,39.85,10
-35,121.07,10
-37,228.6,10
-34,113.59,10
-35,128.56,10
-36,127.34,10
-36,288.54,10
-34,128.6,10
-34,224.77,10
-32,66.1,10
-34,94.88,10
-37,142.31,10
-34,94.85,10
-33,16.13,10
-34,143.53,10
-36,147.36,10
-34,134.89,10
-33,206.13,10
-35,32.43,10
-33,77.32,10
-36,311.03,10
-34,92.39,10
-37,158.55,10
-36,204.81,10
-33,19.7,10
-33,28.55,10
-33,146.08,10
-37,198.57,10
-35,18.59,10
-34,127.37,10
-34,140.8,10
-33,44.86,10
-36,141.07,10
-35,204.87,10
-35,128.57,10
-34,134.73,10
-37,124.82,10
-37,63.71,10
-34,26.76,10
-33,121.07,10
-33,124.61,10
-35,84.85,10
-36,132.11,10
-34,139.85,10
-35,192.36,10
-35,96.1,10
-35,189.85,10
-32,138.61,10
-36,188.57,10
-35,42.41,10
-33,21.09,10
-37,269.88,10
-37,252,10
-37,147.28,10
-35,33.62,10
-34,58.69,10
-34,102.29,10
-34,313.65,10
-37,248.63,10
-34,137.42,10
-32,133.57,10
-35,213.56,10
-34,42.35,10
-35,122.35,10
-35,148.57,10
-35,25.34,10
-33,241.09,10
-35,234.03,10
-35,123.51,10
-33,192.6,10
-34,96.11,10
-34,153.84,10
-36,162.3,10
-37,169.8,10
-36,197.36,10
-35,156.05,10
-34,179.83,10
-34,206.1,10
-34,121.07,10
-34,157.34,10
-34,124.78,10
-36,241.11,10
-36,244.8,10
-34,142.38,10
-32,163.59,"09"
-34,307.39,"09"
-34,131.06,"09"
-37,149.82,"09"
-34,134.8,"09"
-35,183.62,"09"
-34,179.8,"09"
-37,248.56,"09"
-34,149.82,"09"
-35,191.1,"09"
-35,46.1,"09"
-35,47.42,"09"
-34,187.33,"09"
-34,192.37,"09"
-36,145.31,"09"
-37,133.53,"09"
-35,138.63,"09"
-34,19.74,"09"
-34,178.47,"09"
-35,183.43,"09"
-34,131.08,"09"
-36,137.29,"09"
-35,40.41,"09"
-34,242.34,"09"
-34,23.6,"09"
-33,141.05,"09"
-34,129.9,"09"
-35,139.86,"09"
-33,24.83,"09"
-33,131.09,"09"
-35,104.79,"09"
-36,181.08,"09"
-35,126.06,"09"
-36,242.34,"09"
-33,139.88,"09"
-35,249.79,"09"
-35,107.33,"09"
-36,148.58,"09"
-37,106.11,"09"
-35,111.05,"09"
-35,198.58,"09"
-34,119.86,"09"
-35,146.09,"09"
-34,176.1,"09"
-33,219.76,"09"
-33,171.04,"09"
-33,43.57,"09"
-36,181.11,"09"
-35,123.62,"09"
-36,117.36,"09"
-35,81.07,"09"
-34,209.89,"09"
-34,204.84,"09"
-36,151.15,"09"
-35,141.07,"09"
-34,24.46,"09"
-35,159.93,"09"
-36,207.38,"09"
-33,109.76,"09"
-39,131.12,"09"
-36,108.56,"09"
-36,187.38,"09"
-34,39.79,"09"
-36,132.34,"09"
-34,126.11,"09"
-34,181.12,"09"
-34,145.27,"09"
-34,102.37,"09"
-33,333.58,"09"
-35,37.34,"09"
-34,44.81,"09"
-33,126.11,"09"
-35,207.39,"09"
-34,24.88,"09"
-33,14.85,"09"
-36,122.32,"09"
-35,189.8,"09"
-36,142.36,"09"
-37,316.03,"09"
-35,244.87,"09"
-36,133.56,"09"
-36,178.57,"09"
-36,131.11,"09"
-35,22.38,"09"
-34,147.39,"09"
-33,43.68,"09"
-35,139.96,"09"
-35,92.35,"09"
-34,201.05,"09"
-36,198.54,"09"
-34,202.29,"09"
-35,42.41,"09"
-35,212.27,"09"
-36,131.1,"09"
-34,136.13,"09"
-35,131.07,"09"
-33,138.57,"09"
-33,78.12,"09"
-33,204.83,"09"
-36,347.3,"09"
-33,23.65,"09"
-35,186.09,"09"
-35,194.86,"09"
-34,193.47,"09"
-36,192.32,"09"
-33,163.62,"09"
-35,188.6,"09"
-34,78.67,"09"
-37,143.62,"09"
-34,139.91,"09"
-34,17.28,"09"
-34,122.4,"09"
-33,133.03,"09"
-34,136.06,"09"
-33,207.41,"09"
-35,36.12,"09"
-34,100.96,"09"
-34,32.29,"09"
-35,147.37,"09"
-36,109.78,"09"
-35,147.36,"09"
-35,199.84,"09"
-35,17.34,"09"
-35,143.55,"09"
-33,124.89,"09"
-33,39.85,"09"
-35,23.61,"09"
-34,12.31,"09"
-33,179.58,"09"
-35,101.02,"09"
-36,184.84,"09"
-35,125.99,"09"
-34,82.33,"09"
-35,131.08,"09"
-34,134.79,"09"
-34,187.4,"09"
-34,104.79,"09"
-37,128.6,"09"
-35,31.06,"09"
-32,133.57,"09"
-34,137.33,"09"
-35,123.59,"09"
-33,81.1,"09"
-34,55.99,"09"
-34,118.6,"09"
-35,133.61,"09"
-34,41.04,"09"
-32,168.46,"09"
-33,121.39,"09"
-34,21.1,"09"
-34,16.13,"09"
-33,189.87,"09"
-34,173.63,"09"
-36,171.04,"09"
-34,116.06,"09"
-35,127.31,"09"
-35,133.52,"09"
-35,143.64,"09"
-34,62.34,"09"
-33,84.66,"09"
-33,198.57,"09"
-35,13.6,"09"
-37,174.89,"09"
-34,129.96,"09"
-36,167.38,"09"
-33,116.14,"09"
-34,133.54,"09"
-35,27.34,"09"
-36,181.15,"09"
-33,142.92,"09"
-36,288.6,"09"
-36,138.62,"09"
-35,124.82,"09"
-35,106.13,"09"
-35,188.59,"09"
-32,21.09,"09"
-36,137.32,"09"
-34,13.59,"09"
-34,168.76,"09"
-34,252.02,"09"
-37,113.6,"09"
-35,294.84,"09"
-34,222.39,"09"
-32,57.3,"09"
-34,24.94,"09"
-34,129.63,"09"
-36,29.82,"09"
-35,83.89,"09"
-34,93.56,"09"
-34,34.83,"09"
-34,134.9,"09"
-33,13.65,"09"
-34,11.01,"09"
-35,131.1,"09"
-34,70.98,"09"
-35,234.85,"09"
-34,36.09,"09"
-35,132.35,"09"
-33,8.58,"09"
-37,364.77,"09"
-35,199.85,"09"
-35,238.6,"09"
-35,222.29,"09"
-35,236.16,"09"
-34,20.98,"09"
-34,246.05,"09"
-33,36.02,"09"
-36,198.6,"09"
-36,97.36,"09"
-34,17.36,"09"
-33,167.36,"09"
-35,156.05,"09"
-34,97.34,"09"
-35,246.08,"09"
-35,167.37,"09"
-34,86.12,"09"
-35,114.82,"09"
-33,113.57,"09"
-34,109.84,"09"
-34,173.62,"09"
-38,237.33,"09"
-35,203.6,"09"
-35,114.79,"09"
-36,307.34,"09"
-33,98.6,"09"
-35,14.94,"09"
-36,156.06,"09"
-34,116.81,"09"
-35,58.61,"09"
-35,151.13,"09"
-36,126.14,"09"
-34,133.6,"09"
-35,128.63,"09"
-36,37.31,"09"
-35,81.01,"09"
-35,174.84,"09"
-35,24.89,"09"
-33,137.41,"09"
-36,191.1,"09"
-34,47.3,"09"
-34,189.82,"09"
-35,158.53,"09"
-34,89.8,"09"
-35,136.1,"09"
-36,99.96,"09"
-35,141.09,"09"
-38,135.93,"09"
-35,142.37,"09"
-37,176.1,"09"
-35,308.61,"09"
-35,143.54,"09"
-37,151.08,"09"
-33,13.92,"09"
-33,231.08,"09"
-36,204.92,"09"
-35,218.51,"09"
-34,114.82,"09"
-36,166.08,"09"
-35,29.84,"09"
-35,209.86,"09"
-34,111.09,"09"
-34,339.99,"09"
-34,214.84,"09"
-34,143.57,"09"
-33,232.39,"09"
-35,218.52,"09"
-35,137.3,"09"
-36,246.08,"09"
-34,136.02,"09"
-34,137.38,"09"
-34,108.57,"09"
-33,124.82,"09"
-35,94.89,"09"
-33,141.01,"09"
-35,63.6,"09"
-35,22.29,"09"
-34,142.4,"09"
-32,117.36,"09"
-35,112.31,"09"
-33,132.43,"09"
-35,129.83,"09"
-34,33.59,"09"
-33,206.13,"09"
-34,140.7,"09"
-34,134.76,"09"
-35,192.31,"09"
-33,102.36,"09"
-34,41.1,"09"
-35,179.88,"09"
-34,185.13,"09"
-35,147.31,"09"
-34,139.8,"09"
-34,122.32,"09"
-35,136.02,"09"
-35,128.6,"09"
-35,33.58,"09"
-33,14.88,"09"
-34,59.9,"09"
-34,141.07,"09"
-33,9.9,"09"
-34,129.82,"09"
-35,71.13,"09"
-36,208.63,"09"
-34,128.6,"09"
-35,162.3,"09"
-35,137.34,"09"
-34,133.65,"09"
-34,122.26,"09"
-34,16.55,"09"
-34,29.92,"09"
-36,21.02,"09"
-35,123.57,"09"
-32,107.31,"09"
-35,102.28,"09"
-35,48.63,"09"
-35,146.15,"09"
-34,128.57,"09"
-34,121.07,"09"
-34,39.88,"09"
-33,137.27,"09"
-35,17.36,"09"
-35,129.82,"09"
-36,11.07,"09"
-37,341.09,"09"
-33,137.35,"09"
-34,42.31,"09"
-34,131.11,"09"
-39,131.07,"09"
-32,116.1,"09"
-34,132.3,"09"
-38,108.57,"09"
-34,96.06,"09"
-35,127.25,"09"
-35,322.35,"09"
-33,17.35,"09"
-35,132.44,"09"
-36,98.52,"09"
-34,23.58,"09"
-36,204.86,"09"
-34,130.97,"09"
-33,174.75,"09"
-34,52.4,"09"
-37,102.4,"09"
-35,19.9,"09"
-35,114.83,"09"
-34,178.51,"09"
-33,137.3,"09"
-35,166.04,"09"
-36,119.84,"09"
-35,127.29,"09"
-33,178.56,"09"
-33,21.09,"09"
-33,194.88,"09"
-36,177.34,"09"
-35,18.58,"09"
-36,132.32,"09"
-34,201.55,"09"
-35,17.32,"09"
-36,137.3,"09"
-34,77.27,"09"
-34,244.87,"09"
-34,9.85,"09"
-36,245.01,"09"
-35,21.14,"09"
-35,16.06,"09"
-34,212.33,"09"
-35,143.53,"09"
-38,203.53,"09"
-34,162.31,"09"
-36,114.8,"09"
-34,19.77,"09"
-35,139.91,"09"
-35,109.8,"09"
-36,253.5,"09"
-37,137.29,"09"
-34,139.82,"09"
-35,207.34,"09"
-35,183.56,"09"
-35,79.85,"09"
-35,13.68,"09"
-35,243.63,"09"
-35,146.01,"09"
-32,97.34,"09"
-36,29.83,"09"
-34,14.78,"09"
-34,13.53,"09"
-33,207.34,"09"
-35,196.88,"09"
-35,211.1,"09"
-34,226.18,"09"
-35,83.59,"09"
-34,129.83,"09"
-35,173.61,"09"
-33,12.32,"09"
-34,146.04,"09"
-33,126.14,"09"
-34,116.15,"09"
-35,148.55,"09"
-34,193.53,"09"
-33,106.04,"09"
-35,194.93,"09"
-37,118.58,"09"
-37,139.77,"09"
-35,142.34,"09"
-33,18.57,"09"
-36,201.17,"09"
-35,131.09,"09"
-34,122.33,"09"
-34,22.33,"09"
-34,148.53,"09"
-34,109.82,"09"
-37,37.28,"09"
-35,43.55,"09"
-35,21.09,"09"
-36,21.05,"09"
-34,304.81,"09"
-34,207.36,"09"
-34,48.61,"09"
-35,29.9,"09"
-33,134.88,"09"
-35,149.95,"09"
-33,181.03,"09"
-33,149.86,"09"
-34,137.36,"09"
-34,213.56,"09"
-33,216.09,"09"
-34,96.15,"09"
-35,102.26,"09"
-37,213.51,"09"
-36,131.15,"09"
-35,201.13,"09"
-35,259.85,"09"
-35,54.91,"09"
-35,204.88,"09"
-35,37.4,"09"
-34,203.59,"09"
-34,129.85,"09"
-34,199.81,"09"
-34,22.45,"09"
-34,132.35,"09"
-34,137.35,"09"
-35,122.37,"09"
-35,13.61,"09"
-34,178.59,"09"
-36,139.84,"09"
-35,228.61,"09"
-32,19.9,"09"
-35,126.1,"09"
-35,137.38,"09"
-34,154.8,"09"
-36,138.56,"09"
-35,173.55,"09"
-35,152.21,"09"
-34,214.89,"09"
-37,107.36,"09"
-37,138.59,"09"
-33,24.84,"09"
-35,22.37,"09"
-36,134.91,"09"
-33,126.08,"09"
-36,13.58,"09"
-36,16.08,"09"
-35,246.11,"09"
-34,18.6,"09"
-35,136.03,"09"
-34,22.4,"09"
-35,138.46,"09"
-36,108.6,"09"
-35,123.5,"09"
-35,61.07,"09"
-34,84.79,"09"
-35,174.83,"09"
-35,217.33,"09"
-35,82.31,"09"
-35,119.87,"09"
-33,127.39,"09"
-35,136.08,"09"
-35,23.58,"09"
-35,233.54,"09"
-33,224.96,"09"
-36,156.1,"09"
-35,149.8,"09"
-34,260.61,"09"
-34,146.07,"09"
-34,148.55,"09"
-35,139.84,"09"
-36,117.32,"09"
-35,71.11,"09"
-34,22.32,"09"
-36,38.6,"09"
-34,136.7,"09"
-37,129.81,"09"
-35,13.51,"09"
-37,179.83,"09"
-34,21.11,"09"
-34,108.61,"09"
-37,126.11,"09"
-34,79.75,"09"
-34,32.42,"09"
-34,14.53,"09"
-35,137.3,"08"
-31,23.62,"08"
-33,13.59,"08"
-33,19.79,"08"
-32,16.05,"08"
-34,26.05,"08"
-35,141.01,"08"
-31,18.58,"08"
-32,12.34,"08"
-33,77.33,"08"
-35,11.05,"08"
-36,196.16,"08"
-30,83.61,"08"
-31,31.09,"08"
-34,31.17,"08"
-35,78.59,"08"
-33,26.08,"08"
-34,18.6,"08"
-33,34.86,"08"
-30,16.07,"08"
-35,83.85,"08"
-35,71.21,"08"
-29,38.58,"08"
-34,144.78,"08"
-31,17.32,"08"
-28,28.57,"08"
-36,154.9,"08"
-35,27.42,"08"
-33,134.83,"08"
-34,88.53,"08"
-35,134.83,"08"
-30,7.72,"08"
-34,29.82,"08"
-31,12.41,"08"
-36,92.37,"08"
-33,42.3,"08"
-30,42.26,"08"
-31,37.33,"08"
-34,43.06,"08"
-34,142.38,"08"
-34,221.09,"08"
-33,86.11,"08"
-30,18.58,"08"
-35,78.61,"08"
-29,33.64,"08"
-34,59.92,"08"
-33,34.87,"08"
-32,39.7,"08"
-31,48.56,"08"
-36,28.48,"08"
-34,42.36,"08"
-30,21.12,"08"
-35,11.06,"08"
-31,38.6,"08"
-36,34.86,"08"
-39,122.2,"08"
-31,48.63,"08"
-29,9.8,"08"
-32,38.62,"08"
-31,12.36,"08"
-33,101.14,"08"
-35,13.56,"08"
-33,132.36,"08"
-35,141.75,"08"
-33,118.62,"08"
-35,197.35,"08"
-35,23.43,"08"
-31,16.13,"08"
-35,316.16,"08"
-34,17.34,"08"
-29,62.36,"08"
-33,18.61,"08"
-31,82.92,"08"
-35,136.09,"08"
-33,112.66,"08"
-35,14.86,"08"
-30,22.38,"08"
-35,86.05,"08"
-31,74.59,"08"
-35,16.14,"08"
-33,101.13,"08"
-32,47.37,"08"
-35,8.64,"08"
-35,158.58,"08"
-35,95.34,"08"
-34,43.6,"08"
-29,18.55,"08"
-30,57.44,"08"
-35,152.41,"08"
-36,168.59,"08"
-33,41.11,"08"
-30,27.29,"08"
-31,32.33,"08"
-31,9.86,"08"
-34,137.28,"08"
-33,39.8,"08"
-33,27.36,"08"
-32,56.08,"08"
-35,17.31,"08"
-32,24.84,"08"
-37,78.28,"08"
-36,132.41,"08"
-32,39.86,"08"
-27,32.37,"08"
-34,12.36,"08"
-34,21.1,"08"
-29,78.58,"08"
-32,12.37,"08"
-33,73.31,"08"
-29,39.79,"08"
-31,36.16,"08"
-33,203.6,"08"
-31,43.81,"08"
-36,17.36,"08"
-31,26.07,"08"
-37,47.35,"08"
-29,19.86,"08"
-35,111.19,"08"
-33,24.85,"08"
-29,36.13,"08"
-37,17.31,"08"
-33,160.64,"08"
-34,117.94,"08"
-36,154.85,"08"
-31,56.1,"08"
-32,29.81,"08"
-33,49.85,"08"
-35,32.33,"08"
-34,342.36,"08"
-32,27.3,"08"
-34,26.13,"08"
-28,17.36,"08"
-36,288.73,"08"
-30,36.09,"08"
-35,138.89,"08"
-29,56.07,"08"
-31,36.1,"08"
-34,36.05,"08"
-34,56.12,"08"
-31,8.6,"08"
-28,144.83,"08"
-33,33.16,"08"
-34,163.58,"08"
-30,47.04,"08"
-31,29.82,"08"
-35,197.33,"08"
-31,43.6,"08"
-36,133.63,"08"
-33,117.27,"08"
-30,132.23,"08"
-33,34.82,"08"
-34,101.16,"08"
-33,41.07,"08"
-33,33.57,"08"
-33,57.35,"08"
-36,92.39,"08"
-32,41.01,"08"
-35,24.68,"08"
-33,14.85,"08"
-29,34.87,"08"
-32,23.61,"08"
-35,58,"08"
-35,149.79,"08"
-33,36.1,"08"
-34,123.55,"08"
-27,44.8,"08"
-35,137.36,"08"
-29,32.4,"08"
-34,26.07,"08"
-30,43.53,"08"
-32,19.82,"08"
-33,32.33,"08"
-34,101.13,"08"
-31,29.86,"08"
-28,141.06,"08"
-34,57.37,"08"
-35,17.25,"08"
-33,28.57,"08"
-34,28.05,"08"
-35,23.63,"08"
-34,31.07,"08"
-34,44.9,"08"
-28,26.06,"08"
-29,48.56,"08"
-33,43.58,"08"
-34,26.15,"08"
-34,133.59,"08"
-29,34.84,"08"
-30,12.36,"08"
-32,9.83,"08"
-36,133.66,"08"
-35,101.08,"08"
-31,19.79,"08"
-34,24.86,"08"
-34,51.08,"08"
-31,12.93,"08"
-29,32.33,"08"
-31,9.82,"08"
-37,392.4,"08"
-30,24.93,"08"
-34,200.17,"08"
-32,157.2,"08"
-32,16.06,"08"
-32,82.36,"08"
-29,7.34,"08"
-29,28.67,"08"
-33,8.57,"08"
-34,46.86,"08"
-36,169.78,"08"
-32,141.09,"08"
-32,29.85,"08"
-36,209.92,"08"
-32,41.07,"08"
-34,44.83,"08"
-32,13.62,"08"
-35,24.76,"08"
-31,37.29,"08"
-32,47.35,"08"
-34,94.35,"08"
-36,117.34,"08"
-32,139.82,"08"
-34,11.15,"08"
-33,48.52,"08"
-36,206.08,"08"
-35,142.33,"08"
-35,134.82,"08"
-34,37.4,"08"
-29,27.33,"08"
-31,52.3,"08"
-32,47.38,"08"
-29,42.34,"08"
-30,7.33,"08"
-35,204.38,"08"
-35,46.72,"08"
-36,178.21,"08"
-28,25.7,"08"
-31,57.33,"08"
-29,9.86,"08"
-34,149.88,"08"
-34,23.5,"08"
-37,322.39,"08"
-29,37.85,"08"
-35,147.36,"08"
-30,22.37,"08"
-34,39.84,"08"
-33,91.05,"08"
-30,7.51,"08"
-31,24.93,"08"
-32,42.35,"08"
-34,89.89,"08"
-31,9.85,"08"
-33,39.83,"08"
-31,12.34,"08"
-36,127.34,"08"
-31,21.11,"08"
-33,41.04,"08"
-30,14.89,"08"
-30,49.84,"08"
-35,21.12,"08"
-35,314.74,"08"
-32,46.1,"08"
-33,41.09,"08"
-30,22.87,"08"
-30,44.84,"08"
-28,8.61,"08"
-31,53.64,"08"
-35,19.89,"08"
-35,83.61,"08"
-34,136.09,"08"
-35,138.97,"08"
-32,81.08,"08"
-34,26.12,"08"
-35,124.81,"08"
-34,137.29,"08"
-34,123.6,"08"
-33,30.57,"08"
-31,216.11,"08"
-30,31.69,"08"
-33,9.81,"08"
-32,6.1,"08"
-31,16.67,"08"
-33,43.55,"08"
-34,196.08,"08"
-34,166.13,"08"
-32,56.11,"08"
-32,8.63,"08"
-34,96.04,"08"
-34,29.88,"08"
-35,184.82,"08"
-30,28.61,"08"
-31,13.55,"08"
-33,19.84,"08"
-36,126.09,"08"
-32,168.35,"08"
-31,24.86,"08"
-33,16.16,"08"
-29,15.57,"08"
-32,18.57,"08"
-33,16.1,"08"
-30,41.12,"08"
-35,23.52,"08"
-34,114.1,"08"
-34,162.17,"08"
-34,97.35,"08"
-33,22.84,"08"
-28,7.3,"08"
-33,47.4,"08"
-28,38.53,"08"
-34,39.94,"08"
-30,17.89,"08"
-35,137.35,"08"
-30,30.47,"08"
-34,37.33,"08"
-35,174.79,"08"
-29,42.98,"08"
-28,39.83,"08"
-35,142.3,"08"
-33,19.94,"08"
-34,147.23,"08"
-29,33.61,"08"
-34,46.08,"08"
-36,234.73,"08"
-37,87.32,"08"
-30,31.12,"08"
-30,31.08,"08"
-34,45.16,"08"
-34,132.32,"08"
-35,137.62,"08"
-34,22.35,"08"
-34,22.29,"08"
-29,43.7,"08"
-32,26.12,"08"
-35,62.36,"08"
-31,36.08,"08"
-33,29.92,"08"
-33,9.86,"08"
-35,136.63,"08"
-34,190.28,"08"
-30,39.38,"08"
-31,12.35,"08"
-30,53.56,"08"
-32,8.61,"08"
-34,208.87,"08"
-34,33.57,"08"
-33,183.62,"08"
-36,13.94,"08"
-30,28.52,"08"
-34,38.05,"08"
-33,9.11,"08"
-31,73.55,"08"
-35,178.64,"08"
-34,118.6,"08"
-33,106.13,"08"
-31,22.33,"08"
-32,42.34,"08"
-35,166.06,"08"
-34,142.95,"08"
-34,79.81,"08"
-30,16.06,"08"
-36,138.62,"08"
-34,168.6,"08"
-34,18.5,"08"
-33,31.1,"08"
-32,49.81,"08"
-30,31.05,"08"
-38,132.33,"08"
-35,27.35,"08"
-33,18.62,"08"
-33,202.39,"08"
-28,17.33,"08"
-36,129.77,"08"
-36,185.06,"08"
-35,52.35,"08"
-30,41.1,"08"
-32,34.87,"08"
-27,15.35,"08"
-34,203.35,"08"
-34,49.25,"08"
-35,146.07,"08"
-33,49.88,"08"
-28,17.39,"08"
-32,25.38,"08"
-33,36.12,"08"
-30,46.15,"08"
-35,8.59,"08"
-31,18.62,"08"
-36,138.37,"08"
-34,148.14,"08"
-33,58.58,"08"
-34,44.92,"08"
-33,181.79,"08"
-30,55.8,"08"
-27,9.82,"08"
-34,18.61,"08"
-35,133.54,"08"
-33,103.84,"08"
-29,51.12,"08"
-35,9.88,"08"
-31,29.83,"08"
-32,86.11,"08"
-32,24.8,"08"
-34,122.35,"08"
-36,173.55,"08"
-34,143.57,"08"
-34,121,"08"
-36,247.34,"08"
-32,34.84,"08"
-33,13.58,"08"
-35,194.89,"08"
-32,13.58,"08"
-30,38.05,"08"
-34,138.62,"08"
-29,27.48,"08"
-37,132.3,"08"
-32,46.04,"08"
-30,48.58,"08"
-36,22.38,"08"
-34,39.81,"08"
-34,217.35,"08"
-34,302.24,"08"
-29,43.56,"08"
-33,145.06,"08"
-31,42.37,"08"
-31,32.35,"08"
-35,33.56,"08"
-32,124.84,"08"
-31,18.66,"08"
-29,31.14,"08"
-34,178.54,"08"
-35,23.45,"08"
-36,45,"08"
-31,23.91,"08"
-37,21.07,"08"
-30,6.08,"08"
-35,126.09,"08"
-33,217.4,"08"
-32,154.83,"08"
-34,123.57,"08"
-34,202.36,"08"
-33,44.89,"08"
-36,238.14,"08"
-28,53.65,"08"
-31,58.62,"08"
-34,137.31,"08"
-30,52.34,"08"
-31,52.35,"08"
-35,197.38,"08"
-31,39.74,"08"
-36,143.69,"08"
-33,136.06,"08"
-28,39.8,"08"
-33,13.6,"08"
-31,47.34,"08"
-32,33.54,"08"
-33,122.42,"08"
-36,37.39,"08"
-36,8.88,"08"
-32,7.24,"08"
-31,51.02,"08"
-30,122.35,"08"
-35,183.56,"08"
-30,23.59,"08"
-27,99.83,"08"
-35,132.35,"08"
-36,29.96,"08"
-35,196.09,"08"
-33,49.8,"08"
-30,12.4,"08"
-29,23.32,"08"
-34,212.45,"08"
-33,202.36,"08"
-34,251.08,"08"
-36,161.11,"08"
-34,80.54,"08"
-27,13.57,"08"
-34,130.6,"08"
-31,24.76,"08"
-34,129.84,"08"
-31,26.08,"08"
-30,76.1,"08"
-35,22.36,"08"
-34,34.74,"08"
-35,44.86,"08"
-35,29.83,"08"
-31,49.79,"08"
-35,53.54,"08"
-35,38.59,"08"
-32,19.85,"08"
-36,119.84,"08"
-30,46.51,"08"
-35,242.02,"08"
-36,41.12,"08"
-30,34.83,"08"
-34,11.13,"08"
-28,31.1,"08"
-31,38.53,"08"
-36,6.12,"08"
-38,177.38,"08"
-32,159.89,"08"
-36,289.55,"08"
-32,26.09,"08"
-35,13.61,"08"
-28,48.79,"08"
-35,62.3,"08"
-35,143.59,"08"
-36,128.59,"08"
-37,124.87,"08"
-35,117.95,"08"
-34,277.02,"08"
-33,107.76,"08"
-32,11.1,"08"
-35,198.57,"08"
-35,23.61,"08"
-28,17.29,"08"
-33,52.26,"08"
-30,82.35,"08"
-34,77.37,"08"
-34,166.07,"08"
-31,18.59,"08"
-29,39.84,"08"
-33,167.32,"08"
-30,18.6,"08"
-34,187.35,"08"
-29,65.67,"08"
-34,136.13,"08"
-34,28.58,"08"
-34,78.58,"08"
-29,43.08,"08"
-34,7.36,"08"
-33,7.32,"08"
-32,49.88,"08"
-33,148.23,"08"
-32,183.66,"08"
-36,137.86,"08"
-31,36.02,"08"
-29,51.08,"08"
-32,21.12,"08"
-34,161.05,"08"
-34,108.54,"08"
-35,129.88,"08"
-33,165.05,"08"
-35,181.06,"08"
-33,22.43,"08"
-33,186.99,"08"
-31,34.83,"08"
-25,138.04,"07"
-26,87.7,"07"
-26,213.63,"07"
-25,199.84,"07"
-24,181.12,"07"
-25,33.58,"07"
-24,202.43,"07"
-25,137.39,"07"
-24,144.87,"07"
-25,34.84,"07"
-25,71.05,"07"
-25,136.12,"07"
-25,23.38,"07"
-25,16.52,"07"
-30,258.6,"07"
-24,77.39,"07"
-25,202.24,"07"
-25,150.83,"07"
-25,43.63,"07"
-25,210.21,"07"
-26,112.44,"07"
-25,151.1,"07"
-24,221.09,"07"
-25,163.64,"07"
-24,201.12,"07"
-24,17.35,"07"
-24,122.32,"07"
-29,54.88,"07"
-26,134.86,"07"
-26,16.08,"07"
-24,117.35,"07"
-25,173.62,"07"
-25,14.82,"07"
-25,135.34,"07"
-27,28.63,"07"
-24,19.88,"07"
-25,229.76,"07"
-25,46.17,"07"
-25,216.08,"07"
-25,19.38,"07"
-25,18.62,"07"
-25,207.37,"07"
-25,103.64,"07"
-25,138.58,"07"
-26,128.63,"07"
-26,107.75,"07"
-26,39.38,"07"
-25,199.89,"07"
-26,141.18,"07"
-26,194.37,"07"
-25,221.12,"07"
-25,22.39,"07"
-25,116.94,"07"
-26,162.85,"07"
-25,18.67,"07"
-26,140.38,"07"
-25,23.47,"07"
-26,116.12,"07"
-25,19.91,"07"
-25,126.08,"07"
-27,87.39,"07"
-25,57.4,"07"
-25,17.41,"07"
-24,126.1,"07"
-27,173.6,"07"
-25,33.61,"07"
-25,134.77,"07"
-25,13.61,"07"
-25,134.89,"07"
-25,218.65,"07"
-25,139.85,"07"
-24,172.44,"07"
-25,39.87,"07"
-26,111.03,"07"
-24,129.87,"07"
-24,43.56,"07"
-26,133.64,"07"
-27,19.75,"07"
-25,122.28,"07"
-25,19.9,"07"
-25,204.84,"07"
-25,33.49,"07"
-27,129.02,"07"
-26,21.2,"07"
-24,34.84,"07"
-25,146.08,"07"
-24,31.1,"07"
-25,138.54,"07"
-25,23.62,"07"
-24,6.97,"07"
-24,97.38,"07"
-25,26.09,"07"
-27,128.58,"07"
-28,119.75,"07"
-25,44.83,"07"
-24,96.07,"07"
-25,17.29,"07"
-25,208.58,"07"
-26,47.32,"07"
-26,137.67,"07"
-26,92.29,"07"
-24,137.41,"07"
-25,49.88,"07"
-25,19.83,"07"
-28,142.4,"07"
-26,47.43,"07"
-24,174.86,"07"
-24,153.59,"07"
-25,41.1,"07"
-26,132.33,"07"
-23,88.72,"07"
-25,29.91,"07"
-25,146.1,"07"
-26,202.3,"07"
-24,49.94,"07"
-26,79.87,"07"
-26,135.95,"07"
-26,41.12,"07"
-25,26.07,"07"
-24,103.66,"07"
-27,119.93,"07"
-26,18.64,"07"
-25,6.07,"07"
-27,28.56,"07"
-25,72.37,"07"
-26,212.31,"07"
-25,110.91,"07"
-24,148.63,"07"
-26,98.56,"07"
-27,217.35,"07"
-26,43.61,"07"
-24,42.31,"07"
-24,59.89,"07"
-25,132.37,"07"
-25,28.6,"07"
-25,34.82,"07"
-25,17.35,"07"
-26,165.98,"07"
-24,137.72,"07"
-26,187.3,"07"
-27,126.01,"07"
-26,130.74,"07"
-27,141.09,"07"
-26,43.62,"07"
-25,140.98,"07"
-25,127.23,"07"
-24,134.94,"07"
-24,66.02,"07"
-25,128.62,"07"
-25,134.88,"07"
-23,53.55,"07"
-24,124.92,"07"
-24,21.13,"07"
-25,144.87,"07"
-26,168.61,"07"
-24,16.17,"07"
-26,174.88,"07"
-26,26.1,"07"
-26,32.4,"07"
-26,112.46,"07"
-25,39.83,"07"
-25,124.82,"07"
-26,148.54,"07"
-25,147.46,"07"
-25,203.67,"07"
-26,26.12,"07"
-26,133.55,"07"
-27,176.13,"07"
-25,84.84,"07"
-26,139.79,"07"
-24,193.64,"07"
-25,31.14,"07"
-24,308.63,"07"
-25,27.38,"07"
-27,22.26,"07"
-25,133.58,"07"
-26,128.57,"07"
-28,136.13,"07"
-23,38.56,"07"
-25,64.77,"07"
-25,23.59,"07"
-26,61.06,"07"
-25,95.96,"07"
-25,8.67,"07"
-24,14.76,"07"
-25,19.66,"07"
-26,138.64,"07"
-24,24.9,"07"
-24,36.1,"07"
-24,144.88,"07"
-25,87.37,"07"
-26,202.26,"07"
-25,144.12,"07"
-25,38.61,"07"
-25,137.33,"07"
-25,173.61,"07"
-24,107.79,"07"
-24,114.81,"07"
-25,26.1,"07"
-24,48.66,"07"
-25,19.87,"07"
-26,106.04,"07"
-25,43.7,"07"
-25,112.14,"07"
-25,42.77,"07"
-26,242.33,"07"
-25,143.64,"07"
-26,116.11,"07"
-24,47.36,"07"
-24,148.62,"07"
-24,30.42,"07"
-26,8.6,"07"
-24,81.18,"07"
-25,21.12,"07"
-26,79.77,"07"
-24,26.1,"07"
-25,11.05,"07"
-26,126.07,"07"
-26,209.79,"07"
-25,26.16,"07"
-26,127.42,"07"
-25,201.15,"07"
-27,233.59,"07"
-25,18.53,"07"
-25,141.48,"07"
-26,199.85,"07"
-26,59.83,"07"
-26,17.42,"07"
-24,14.81,"07"
-26,133.25,"07"
-24,69.98,"07"
-24,38.53,"07"
-24,142.32,"07"
-26,203.53,"07"
-23,199.87,"07"
-25,77.4,"07"
-25,20.98,"07"
-26,112.48,"07"
-26,163.48,"07"
-26,219.15,"07"
-27,183.66,"07"
-25,26.08,"07"
-24,41.1,"07"
-25,25.12,"07"
-25,174.87,"07"
-25,49.76,"07"
-24,7.3,"07"
-25,127.28,"07"
-23,121.11,"07"
-25,14.86,"07"
-25,118.13,"07"
-27,173.68,"07"
-25,134.86,"07"
-25,126.09,"07"
-25,92.28,"07"
-25,131.16,"07"
-25,123.7,"07"
-26,127.4,"07"
-24,28.59,"07"
-26,33.61,"07"
-25,27.24,"07"
-26,36.03,"07"
-26,244.73,"07"
-24,159.84,"07"
-26,152.28,"07"
-24,146.15,"07"
-25,187.4,"07"
-25,34.88,"07"
-24,199.86,"07"
-26,224.9,"07"
-25,38.96,"07"
-25,111.16,"07"
-26,207.88,"07"
-27,177.8,"07"
-24,14.46,"07"
-24,149.83,"07"
-28,130.91,"07"
-27,156.04,"07"
-25,43.62,"07"
-25,31.17,"07"
-25,124.92,"07"
-27,108.56,"07"
-24,21.1,"07"
-24,201.09,"07"
-27,121.09,"07"
-25,245.07,"07"
-26,122.25,"07"
-25,50.14,"07"
-25,203.55,"07"
-24,136.07,"07"
-25,75.07,"07"
-25,14.81,"07"
-29,132.55,"07"
-24,67.43,"07"
-26,144.5,"07"
-24,19.62,"07"
-23,182.37,"07"
-26,9.83,"07"
-25,101.13,"07"
-27,81.02,"07"
-25,227.36,"07"
-26,183.64,"07"
-25,77.1,"07"
-24,106.77,"07"
-25,152.38,"07"
-26,21.07,"07"
-27,78.21,"07"
-24,29.86,"07"
-26,194.81,"07"
-26,136.1,"07"
-23,38.6,"07"
-25,38.56,"07"
-25,56.07,"07"
-26,72.39,"07"
-26,267.45,"07"
-25,29.81,"07"
-25,27.4,"07"
-24,148.66,"07"
-25,188.44,"07"
-24,34.78,"07"
-24,40.74,"07"
-26,36.2,"07"
-24,121.12,"07"
-25,111.98,"07"
-26,56.11,"07"
-29,246.01,"07"
-26,54.01,"07"
-24,43.92,"07"
-24,52.32,"07"
-26,29.85,"07"
-25,98.61,"07"
-26,9.88,"07"
-24,137.29,"07"
-25,22.33,"07"
-26,27.27,"07"
-24,173.59,"07"
-28,166.07,"07"
-27,249.09,"07"
-24,175.79,"07"
-24,123.63,"07"
-24,162.67,"07"
-26,22.29,"07"
-25,147.37,"07"
-24,22.41,"07"
-24,33.6,"07"
-25,31.89,"07"
-24,51.13,"07"
-25,137.38,"07"
-26,139.78,"07"
-24,46.11,"07"
-24,88.57,"07"
-25,198.63,"07"
-25,141.58,"07"
-25,58.71,"07"
-25,49.87,"07"
-25,84.77,"07"
-25,149.85,"07"
-25,240.77,"07"
-25,206.25,"07"
-25,98.44,"07"
-26,36.18,"07"
-26,53.14,"07"
-24,24.8,"07"
-24,133.67,"07"
-26,30.77,"07"
-26,48.57,"07"
-24,46.03,"07"
-24,27.3,"07"
-25,87.32,"07"
-25,134.69,"07"
-26,134.07,"07"
-25,166.36,"07"
-25,27.44,"07"
-24,32.34,"07"
-26,114.9,"07"
-26,10.26,"07"
-25,199.74,"07"
-25,39.8,"07"
-25,48.55,"07"
-25,202.37,"07"
-25,33.57,"07"
-26,143.52,"07"
-26,97.37,"07"
-26,37.22,"07"
-24,21.09,"07"
-27,37.02,"07"
-27,28.6,"07"
-26,51.13,"07"
-25,136.1,"07"
-24,37.31,"07"
-24,72.31,"07"
-26,246.96,"07"
-24,17.7,"07"
-25,182.38,"07"
-25,148.63,"07"
-26,22.36,"07"
-25,46.01,"07"
-25,24.81,"07"
-25,136.01,"07"
-25,8.59,"07"
-24,138.62,"07"
-26,239.95,"07"
-24,42.38,"07"
-27,206.17,"07"
-28,23.67,"07"
-25,138.61,"07"
-26,139.88,"07"
-24,53.62,"07"
-24,23.6,"07"
-26,42.34,"07"
-25,129.86,"07"
-28,194.84,"07"
-26,23.54,"07"
-26,38.62,"07"
-24,37.33,"07"
-25,168.6,"07"
-25,33.52,"07"
-24,33.65,"07"
-25,47.4,"07"
-25,29.04,"07"
-26,48.51,"07"
-25,44.9,"07"
-24,139.87,"07"
-26,221.19,"07"
-25,114.77,"07"
-24,129.89,"07"
-26,80.99,"07"
-25,212.38,"07"
-25,8.66,"07"
-26,218.65,"07"
-25,26.04,"07"
-26,101.06,"07"
-28,142.32,"07"
-28,33.63,"07"
-25,124.81,"07"
-25,83.66,"07"
-27,187.33,"07"
-26,105.54,"07"
-26,101.16,"07"
-24,55.03,"07"
-24,49.83,"07"
-25,138.7,"07"
-24,33.62,"07"
-27,126.1,"07"
-25,194.87,"07"
-25,44.85,"07"
-24,27.39,"07"
-25,32.38,"07"
-25,154.73,"07"
-25,164.84,"07"
-25,6.08,"07"
-25,167.29,"07"
-25,256.14,"07"
-26,79.89,"07"
-25,148.69,"07"
-25,16.05,"07"
-26,138.53,"07"
-25,126.13,"07"
-26,32.34,"07"
-24,62.15,"07"
-25,148.56,"07"
-26,145.38,"07"
-25,159.91,"07"
-24,7.35,"07"
-24,32.32,"07"
-25,36.09,"07"
-25,203.16,"07"
-26,21.1,"07"
-25,99.84,"07"
-25,166.04,"07"
-26,139.82,"07"
-24,186.12,"07"
-26,34.85,"07"
-26,13.55,"07"
-25,139.95,"07"
-24,38.57,"07"
-26,17.27,"07"
-25,218.62,"07"
-23,6.15,"07"
-25,51.04,"07"
-24,77.84,"07"
-25,42.52,"07"
-26,108.04,"07"
-25,77.34,"07"
-26,137.38,"07"
-25,142.29,"07"
-25,116.11,"07"
-28,44.82,"07"
-24,67.29,"07"
-26,148.64,"07"
-25,81.04,"07"
-26,165.84,"07"
-26,103.52,"07"
-24,28.6,"07"
-25,155.7,"07"
-24,168.57,"07"
-24,14.87,"07"
-25,187.46,"07"
-26,134.85,"07"
-27,39.87,"07"
-29,73.66,"07"
-25,74.89,"07"
-25,128.61,"07"
-26,167.27,"07"
-25,203.61,"07"
-26,41.15,"07"
-24,11.1,"07"
-25,133.66,"07"
-24,8.61,"07"
-26,286.23,"07"
-24,83.64,"07"
-24,11.02,"07"
-25,28.67,"07"
-26,20.97,"07"
-25,223.84,"07"
-25,168.62,"07"
-26,132.42,"07"
-25,199.93,"07"
-26,183.52,"07"
-25,100.58,"07"
-26,28.09,"07"
-29,203.58,"07"
-24,36.08,"07"
-27,128.56,"07"
-29,191.1,"07"
-25,29.85,"07"
-27,89.81,"07"
-25,44.8,"07"
-25,36.14,"07"
-23,9.86,"07"
-24,194.84,"06"
-27,194.9,"06"
-24,198.55,"06"
-24,22.4,"06"
-29,53.63,"06"
-25,143.57,"06"
-27,33.5,"06"
-25,59.86,"06"
-25,14.87,"06"
-26,36.07,"06"
-26,204.86,"06"
-26,207.35,"06"
-25,21.11,"06"
-28,12.1,"06"
-25,133.58,"06"
-25,210.56,"06"
-27,301.18,"06"
-25,18.56,"06"
-25,18.62,"06"
-24,151.04,"06"
-23,13.65,"06"
-25,204.91,"06"
-25,132.38,"06"
-29,254.83,"06"
-24,194.85,"06"
-27,124.76,"06"
-27,27.34,"06"
-26,126.08,"06"
-23,124.85,"06"
-24,144.9,"06"
-23,157.27,"06"
-24,59.9,"06"
-24,223.6,"06"
-26,87.33,"06"
-25,198.53,"06"
-23,144.84,"06"
-25,51.06,"06"
-26,78.59,"06"
-24,139.88,"06"
-25,149.8,"06"
-23,39.79,"06"
-25,198.63,"06"
-25,203.55,"06"
-24,103.59,"06"
-28,302.3,"06"
-25,146.34,"06"
-25,26.3,"06"
-24,35.3,"06"
-27,137.91,"06"
-27,139.76,"06"
-24,28.68,"06"
-25,111.14,"06"
-25,17.35,"06"
-24,119.8,"06"
-30,127.3,"06"
-25,129.82,"06"
-27,137.32,"06"
-26,106.07,"06"
-24,118.64,"06"
-26,132.37,"06"
-25,136.16,"06"
-26,209.86,"06"
-27,123.6,"06"
-25,13.6,"06"
-24,148.6,"06"
-24,134.81,"06"
-25,131.07,"06"
-28,152.33,"06"
-27,159.86,"06"
-27,108.58,"06"
-26,24.87,"06"
-25,207.27,"06"
-26,126.13,"06"
-25,17.39,"06"
-26,201.02,"06"
-26,61.72,"06"
-27,132.31,"06"
-25,128.59,"06"
-26,102.07,"06"
-25,117.3,"06"
-26,139.81,"06"
-25,9.88,"06"
-24,92.3,"06"
-25,64.86,"06"
-24,7.33,"06"
-26,197.41,"06"
-24,36.06,"06"
-25,203.59,"06"
-22,137.33,"06"
-27,17.35,"06"
-26,19.88,"06"
-26,126.07,"06"
-27,197.31,"06"
-24,13.58,"06"
-26,141.07,"06"
-24,128.52,"06"
-25,133.62,"06"
-23,9.82,"06"
-23,73.6,"06"
-23,126.08,"06"
-26,133.64,"06"
-27,44.83,"06"
-24,134.82,"06"
-23,134.92,"06"
-24,133.57,"06"
-25,173.56,"06"
-26,159.88,"06"
-24,126.11,"06"
-27,26.03,"06"
-25,103.66,"06"
-28,193.53,"06"
-27,146.05,"06"
-26,22.4,"06"
-26,154.8,"06"
-24,132.29,"06"
-24,27.44,"06"
-22,18.62,"06"
-25,141.49,"06"
-26,137.32,"06"
-25,77.29,"06"
-28,126.16,"06"
-25,16.12,"06"
-26,216.12,"06"
-25,91.05,"06"
-24,83.65,"06"
-23,116.02,"06"
-26,47.29,"06"
-28,103.54,"06"
-25,107.38,"06"
-26,314.85,"06"
-25,29.84,"06"
-24,138.56,"06"
-23,141.07,"06"
-28,82.39,"06"
-27,199.79,"06"
-25,31.14,"06"
-23,133.6,"06"
-24,128.63,"06"
-26,33.59,"06"
-25,81.08,"06"
-25,132.32,"06"
-25,18.65,"06"
-24,29.8,"06"
-27,81.26,"06"
-25,136.12,"06"
-26,19.83,"06"
-25,59.83,"06"
-27,28.6,"06"
-28,189.75,"06"
-27,27.36,"06"
-26,141.91,"06"
-28,91.06,"06"
-28,135.14,"06"
-26,126.12,"06"
-25,118.63,"06"
-28,94.78,"06"
-27,46.12,"06"
-27,183.57,"06"
-24,92.28,"06"
-23,134.78,"06"
-24,61.14,"06"
-25,78.57,"06"
-23,97.38,"06"
-26,117.34,"06"
-25,142.31,"06"
-24,124.83,"06"
-26,109.8,"06"
-25,123.65,"06"
-24,161.1,"06"
-24,157.34,"06"
-25,141.05,"06"
-27,48.58,"06"
-25,96.04,"06"
-23,128.66,"06"
-25,48.57,"06"
-23,42.29,"06"
-25,117.04,"06"
-28,36.04,"06"
-23,131.88,"06"
-24,82.41,"06"
-25,18.52,"06"
-28,226.11,"06"
-25,14.89,"06"
-25,46.14,"06"
-27,102.32,"06"
-25,112.31,"06"
-26,123.61,"06"
-25,82.28,"06"
-26,29.86,"06"
-25,168.56,"06"
-24,131.04,"06"
-25,68.62,"06"
-23,106.04,"06"
-24,42.38,"06"
-25,78.62,"06"
-26,201.07,"06"
-24,158.61,"06"
-23,93.62,"06"
-27,17.29,"06"
-27,148.57,"06"
-26,28.24,"06"
-22,128.6,"06"
-23,143.52,"06"
-24,32.44,"06"
-26,77.38,"06"
-24,21.09,"06"
-26,24.77,"06"
-25,121.06,"06"
-25,94.96,"06"
-23,183.66,"06"
-24,16.09,"06"
-25,37.34,"06"
-28,216.09,"06"
-28,134.85,"06"
-25,196.09,"06"
-24,131.06,"06"
-24,121.56,"06"
-30,8.8,"06"
-25,99.89,"06"
-26,14.78,"06"
-25,129.94,"06"
-25,148.49,"06"
-27,88.62,"06"
-27,236.05,"06"
-25,148.63,"06"
-24,136.09,"06"
-25,44.84,"06"
-23,26.06,"06"
-26,38.59,"06"
-23,39.77,"06"
-24,96.1,"06"
-23,122.37,"06"
-23,148.57,"06"
-27,118.93,"06"
-25,139.85,"06"
-24,26.06,"06"
-23,184.76,"06"
-25,23.64,"06"
-27,207.36,"06"
-24,128.58,"06"
-25,227.34,"06"
-23,132.25,"06"
-24,71.03,"06"
-26,22.35,"06"
-26,7.33,"06"
-28,89.82,"06"
-26,26.09,"06"
-24,48.69,"06"
-23,128.48,"06"
-24,153.14,"06"
-26,198.56,"06"
-25,296.13,"06"
-27,127.3,"06"
-26,102.26,"06"
-27,152.35,"06"
-26,189.88,"06"
-25,127.39,"06"
-25,82.27,"06"
-23,203.58,"06"
-24,43.62,"06"
-23,91.11,"06"
-28,19.79,"06"
-24,124.82,"06"
-23,136.08,"06"
-24,126.1,"06"
-24,58.65,"06"
-27,21.05,"06"
-26,258.6,"06"
-23,133.57,"06"
-24,28.63,"06"
-25,199.82,"06"
-25,73.58,"06"
-25,88.53,"06"
-24,226.07,"06"
-24,102.3,"06"
-25,189.82,"06"
-27,137.34,"06"
-26,126.01,"06"
-28,102.36,"06"
-25,119.86,"06"
-25,97.36,"06"
-23,118.58,"06"
-26,54.63,"06"
-24,169.85,"06"
-29,312.37,"06"
-26,92.25,"06"
-27,87.33,"06"
-24,202.25,"06"
-26,226.13,"06"
-26,18.63,"06"
-25,132.34,"06"
-25,199.87,"06"
-23,158.54,"06"
-29,181.1,"06"
-26,18.62,"06"
-26,112.35,"06"
-22,27.29,"06"
-24,123.61,"06"
-27,94.84,"06"
-28,151.04,"06"
-25,46.09,"06"
-24,31.08,"06"
-25,47.31,"06"
-28,11.05,"06"
-27,169.8,"06"
-24,169.9,"06"
-24,144.86,"06"
-24,18.61,"06"
-24,207.35,"06"
-23,159.71,"06"
-27,42.42,"06"
-25,14.85,"06"
-27,22.36,"06"
-24,32.33,"06"
-27,7.41,"06"
-23,111.03,"06"
-26,142.39,"06"
-27,167.29,"06"
-26,182.41,"06"
-25,197.35,"06"
-24,23.62,"06"
-24,35.99,"06"
-24,197.32,"06"
-25,123.6,"06"
-25,127.32,"06"
-24,41.08,"06"
-23,183.58,"06"
-24,107.3,"06"
-28,143.55,"06"
-25,141.15,"06"
-25,56.06,"06"
-27,176.01,"06"
-30,149.82,"06"
-24,53.62,"06"
-23,48.56,"06"
-26,27.32,"06"
-28,159.85,"06"
-26,134.83,"06"
-24,28.53,"06"
-26,94.81,"06"
-24,117.35,"06"
-26,98.6,"06"
-26,84.83,"06"
-23,193.57,"06"
-30,111.11,"06"
-27,142.36,"06"
-25,79.81,"06"
-24,167.31,"06"
-25,184.94,"06"
-27,78.61,"06"
-26,81.05,"06"
-24,19.82,"06"
-25,202.3,"06"
-22,171.14,"06"
-26,147.31,"06"
-24,199.8,"06"
-25,81.05,"06"
-25,147.39,"06"
-24,22.38,"06"
-25,69.88,"06"
-23,37.39,"06"
-24,8.52,"06"
-25,116.11,"06"
-24,143.52,"06"
-24,44.87,"06"
-24,181.12,"06"
-26,146.09,"06"
-28,11.08,"06"
-26,89.91,"06"
-24,34.84,"06"
-24,33.64,"06"
-25,106.05,"06"
-23,98.64,"06"
-24,13.59,"06"
-25,28.58,"06"
-23,126.11,"06"
-25,121.09,"06"
-27,146.15,"06"
-25,121.05,"06"
-26,127.29,"06"
-24,171.05,"06"
-25,13.55,"06"
-27,282.37,"06"
-25,103.56,"06"
-26,16.11,"06"
-22,74.43,"06"
-26,264.83,"06"
-29,129.78,"06"
-24,138.59,"06"
-26,124.83,"06"
-24,84.87,"06"
-25,121.03,"06"
-23,194.7,"06"
-26,88.64,"06"
-28,64.82,"06"
-24,74.83,"06"
-28,22.34,"06"
-27,52.31,"06"
-26,122.38,"06"
-24,19.89,"06"
-26,87.32,"06"
-25,32.34,"06"
-25,224.85,"06"
-23,43.52,"06"
-24,139.76,"06"
-24,43.6,"06"
-25,192.33,"06"
-24,37.28,"06"
-26,31.1,"06"
-25,41.08,"06"
-24,136.08,"06"
-25,139.84,"06"
-24,28.64,"06"
-24,208.69,"06"
-26,149.79,"06"
-24,136.1,"06"
-28,218.62,"06"
-24,170.19,"06"
-25,42.32,"06"
-28,152.04,"06"
-25,189.79,"06"
-26,141.06,"06"
-25,39.81,"06"
-24,114.86,"06"
-26,126.16,"06"
-25,82.44,"06"
-27,104.86,"06"
-28,21.08,"06"
-25,127.37,"06"
-24,85.97,"06"
-27,23.6,"06"
-28,206.1,"06"
-25,69.79,"06"
-25,206.08,"06"
-23,157.36,"06"
-29,43.55,"06"
-24,36.02,"06"
-26,98.56,"06"
-28,131.11,"06"
-24,78.58,"06"
-29,72.39,"06"
-27,218.57,"06"
-26,18.56,"06"
-26,139.85,"06"
-25,17.34,"06"
-25,107.33,"06"
-26,127.3,"06"
-25,19.86,"06"
-24,19.8,"06"
-24,99.82,"06"
-26,223.61,"06"
-29,125.16,"06"
-25,98.57,"06"
-25,206.1,"06"
-24,129.83,"06"
-23,44.86,"06"
-24,136.01,"06"
-25,186.12,"06"
-24,198.54,"06"
-26,127.34,"06"
-25,163.64,"06"
-25,56.17,"06"
-22,107.15,"06"
-28,129.8,"06"
-24,163.64,"06"
-24,203.57,"06"
-26,229.88,"06"
-26,114.9,"06"
-26,121.08,"06"
-24,209.92,"06"
-26,59.7,"06"
-24,214.8,"06"
-27,62.34,"06"
-24,164.92,"06"
-23,39.84,"06"
-27,136.11,"06"
-24,106.1,"06"
-25,99.85,"06"
-26,118.63,"06"
-25,141.1,"06"
-27,11.1,"06"
-24,136.11,"06"
-28,67.37,"06"
-25,23.6,"06"
-24,157.38,"06"
-26,126.11,"06"
-23,57.32,"06"
-24,123.53,"06"
-26,96.18,"06"
-24,146.09,"06"
-25,162.32,"06"
-29,136.08,"06"
-28,152.3,"06"
-23,169.79,"06"
-24,123.56,"06"
-28,124.91,"06"
-23,131.07,"06"
-24,129.85,"06"
-25,31.05,"06"
-27,226.07,"06"
-28,84.95,"06"
-24,118.61,"06"
-26,66.19,"06"
-23,213.58,"06"
-25,152.33,"06"
-25,20.93,"06"
-24,133.55,"06"
-25,59.81,"06"
-23,23.58,"06"
-25,137.36,"06"
-25,76.05,"06"
-23,77.32,"06"
-26,108.63,"06"
-23,164.82,"06"
-25,154.82,"06"
-27,79.81,"06"
-23,131.09,"06"
-25,129.85,"06"
-24,29.79,"06"
-25,186.1,"06"
-25,27.35,"06"
-27,134.8,"06"
-28,17.33,"05"
-27,138.07,"05"
-28,181.05,"05"
-31,201.05,"05"
-29,189.78,"05"
-29,137.33,"05"
-26,51.12,"05"
-32,296.18,"05"
-29,126.06,"05"
-29,22.32,"05"
-28,124.8,"05"
-30,82.34,"05"
-30,132.33,"05"
-25,31.97,"05"
-32,304.85,"05"
-26,167.33,"05"
-30,196.02,"05"
-28,67.34,"05"
-27,204.77,"05"
-30,143.61,"05"
-29,46.11,"05"
-27,62.3,"05"
-25,207.35,"05"
-29,177.31,"05"
-29,166.08,"05"
-29,63.57,"05"
-25,146.11,"05"
-30,266.14,"05"
-29,17.41,"05"
-29,79.86,"05"
-27,89.87,"05"
-29,78.58,"05"
-26,207.35,"05"
-27,213.4,"05"
-26,17.35,"05"
-27,19.79,"05"
-30,108.67,"05"
-30,141.02,"05"
-29,131.06,"05"
-31,199.83,"05"
-29,149.77,"05"
-27,22.32,"05"
-28,138.6,"05"
-28,11.05,"05"
-33,309.9,"05"
-27,132.34,"05"
-31,46.13,"05"
-28,126.11,"05"
-31,133.6,"05"
-26,139.56,"05"
-29,299.83,"05"
-26,88.59,"05"
-29,129.81,"05"
-29,132.29,"05"
-30,319.82,"05"
-31,56.14,"05"
-29,78.53,"05"
-30,141.06,"05"
-29,46.09,"05"
-27,132.31,"05"
-28,171.04,"05"
-25,91.1,"05"
-28,144.79,"05"
-27,20.3,"05"
-29,147.34,"05"
-27,181.12,"05"
-27,106.01,"05"
-28,172.33,"05"
-26,98.61,"05"
-29,193.6,"05"
-28,44.94,"05"
-30,244.83,"05"
-29,134.93,"05"
-29,121.07,"05"
-29,14.78,"05"
-29,269.81,"05"
-29,121.09,"05"
-28,127.32,"05"
-28,138.59,"05"
-29,139.84,"05"
-29,157.4,"05"
-27,109.81,"05"
-27,133.62,"05"
-28,73.63,"05"
-28,137.32,"05"
-29,104.8,"05"
-28,102.33,"05"
-26,138.57,"05"
-30,292.39,"05"
-29,107.34,"05"
-29,24.92,"05"
-28,129.84,"05"
-26,36.07,"05"
-29,112.3,"05"
-27,136.95,"05"
-28,264.73,"05"
-28,11.09,"05"
-29,164.94,"05"
-29,136.07,"05"
-30,124.8,"05"
-26,61.19,"05"
-28,123.51,"05"
-26,23.51,"05"
-28,9.87,"05"
-30,196.09,"05"
-28,33.6,"05"
-28,21.07,"05"
-29,189.84,"05"
-29,152.38,"05"
-28,107.3,"05"
-29,131.07,"05"
-30,242.39,"05"
-27,102.32,"05"
-29,123.59,"05"
-31,164.79,"05"
-29,132.39,"05"
-26,229.88,"05"
-26,154.85,"05"
-27,149.78,"05"
-24,106.01,"05"
-27,126.12,"05"
-29,147.37,"05"
-27,126.07,"05"
-28,19.88,"05"
-27,106.13,"05"
-28,16.12,"05"
-29,28.53,"05"
-28,140.05,"05"
-31,11.11,"05"
-29,133.57,"05"
-28,26.13,"05"
-27,199.95,"05"
-31,148.56,"05"
-30,128.65,"05"
-28,59.81,"05"
-26,133.57,"05"
-26,26.13,"05"
-28,116.01,"05"
-26,67.36,"05"
-30,9.91,"05"
-30,124.83,"05"
-26,186.12,"05"
-27,37.32,"05"
-28,62.34,"05"
-30,228.63,"05"
-28,159.82,"05"
-29,158.56,"05"
-28,142.3,"05"
-29,134.84,"05"
-29,77.31,"05"
-27,23.54,"05"
-27,137.31,"05"
-26,51.08,"05"
-29,48.63,"05"
-28,128.6,"05"
-28,164.82,"05"
-27,81.13,"05"
-29,155.82,"05"
-28,28.57,"05"
-30,194.83,"05"
-28,118.57,"05"
-31,126.06,"05"
-29,264.89,"05"
-26,27.32,"05"
-30,336.09,"05"
-26,29,"05"
-28,143.61,"05"
-28,118.52,"05"
-29,17.34,"05"
-26,17.39,"05"
-28,142.32,"05"
-29,208.68,"05"
-26,186.08,"05"
-29,22.33,"05"
-28,132.34,"05"
-29,229.79,"05"
-28,161.14,"05"
-28,29.92,"05"
-27,229.78,"05"
-27,81.11,"05"
-25,211.11,"05"
-28,201.07,"05"
-29,17.39,"05"
-27,43.58,"05"
-30,124.88,"05"
-28,57.31,"05"
-31,169.78,"05"
-29,179.83,"05"
-30,149.87,"05"
-27,128.62,"05"
-27,18.49,"05"
-28,304.89,"05"
-27,129.81,"05"
-26,226.09,"05"
-27,9.02,"05"
-25,179.43,"05"
-26,149.79,"05"
-30,127.32,"05"
-27,25.57,"05"
-25,82.24,"05"
-29,19.92,"05"
-30,129.78,"05"
-30,143.57,"05"
-28,222.33,"05"
-27,104.8,"05"
-29,141.11,"05"
-28,37.26,"05"
-26,11.12,"05"
-27,28.58,"05"
-27,138.6,"05"
-26,23.59,"05"
-28,112.32,"05"
-25,133.58,"05"
-31,172.28,"05"
-28,219.78,"05"
-29,82.44,"05"
-31,122.85,"05"
-28,96.11,"05"
-27,144.85,"05"
-29,202.29,"05"
-28,148.63,"05"
-29,128.58,"05"
-30,147.36,"05"
-29,232.33,"05"
-26,115.83,"05"
-28,96.1,"05"
-28,163.6,"05"
-28,241.11,"05"
-30,164.88,"05"
-28,109.85,"05"
-29,141,"05"
-30,23.65,"05"
-29,234.85,"05"
-25,196.09,"05"
-32,121.19,"05"
-32,158.55,"05"
-27,103.62,"05"
-27,28.55,"05"
-28,112.33,"05"
-28,26.11,"05"
-30,127.29,"05"
-27,22.3,"05"
-28,71.1,"05"
-31,13.62,"05"
-30,154.74,"05"
-28,212.43,"05"
-28,242.36,"05"
-31,127.36,"05"
-27,143.6,"05"
-28,124.85,"05"
-29,219.44,"05"
-25,42.35,"05"
-29,157.39,"05"
-29,211.06,"05"
-27,48.51,"05"
-28,148.54,"05"
-29,146.18,"05"
-28,202.27,"05"
-26,172.31,"05"
-27,224.87,"05"
-25,197.36,"05"
-29,216.06,"05"
-25,33.59,"05"
-31,219.66,"05"
-28,113.53,"05"
-29,131.13,"05"
-29,26.08,"05"
-28,119.86,"05"
-26,193.56,"05"
-28,13.63,"05"
-29,34.88,"05"
-29,134.87,"05"
-28,22.34,"05"
-32,89.82,"05"
-29,94.97,"05"
-28,169.82,"05"
-28,114.88,"05"
-31,103.56,"05"
-24,146.96,"05"
-25,214.84,"05"
-26,151.13,"05"
-29,127.38,"05"
-29,109.81,"05"
-27,146.15,"05"
-27,159.91,"05"
-28,21.12,"05"
-27,28.59,"05"
-28,207.36,"05"
-29,42.37,"05"
-25,26.03,"05"
-27,208.59,"05"
-28,97.3,"05"
-29,132.38,"05"
-24,38.46,"05"
-27,12.44,"05"
-28,146.01,"05"
-27,77.29,"05"
-26,103.56,"05"
-28,94.89,"05"
-26,85,"05"
-27,121.06,"05"
-28,128.66,"05"
-29,41.09,"05"
-28,134.88,"05"
-28,44.79,"05"
-26,24.81,"05"
-29,23.51,"05"
-28,132.32,"05"
-27,159.87,"05"
-28,199.9,"05"
-26,142.7,"05"
-25,128.66,"05"
-29,19.88,"05"
-29,188.59,"05"
-26,21.02,"05"
-26,18.64,"05"
-28,186.03,"05"
-31,314.9,"05"
-28,197.36,"05"
-27,64.87,"05"
-27,202.35,"05"
-27,99.86,"05"
-27,51.03,"05"
-27,132.37,"05"
-26,73.65,"05"
-26,18.68,"05"
-27,124.86,"05"
-26,18.56,"05"
-27,126.16,"05"
-26,68.58,"05"
-28,166.1,"05"
-33,132.27,"05"
-28,34.82,"05"
-29,143.56,"05"
-31,16.05,"05"
-29,224.88,"05"
-26,134.9,"05"
-27,127.37,"05"
-26,146.09,"05"
-27,106.07,"05"
-26,18.65,"05"
-30,143.59,"05"
-25,17.32,"05"
-26,132.35,"05"
-26,28.62,"05"
-29,196.08,"05"
-26,19.85,"05"
-30,139.9,"05"
-28,132.35,"05"
-28,94.83,"05"
-25,281.1,"05"
-30,249.95,"05"
-27,43.57,"05"
-25,161.07,"05"
-29,129.8,"05"
-28,19.73,"05"
-30,171.06,"05"
-27,13.62,"05"
-31,136.07,"05"
-27,147.32,"05"
-28,16.09,"05"
-27,116.01,"05"
-28,174.9,"05"
-30,131.06,"05"
-30,202.4,"05"
-26,194.79,"05"
-29,67.32,"05"
-29,76.1,"05"
-31,51.04,"05"
-31,249.86,"05"
-30,129.82,"05"
-28,197.32,"05"
-26,124.83,"05"
-31,176.04,"05"
-25,133.7,"05"
-27,57.33,"05"
-30,224.84,"05"
-27,132.29,"05"
-27,132.36,"05"
-29,217.34,"05"
-25,19.81,"05"
-30,168.59,"05"
-28,38.62,"05"
-29,128.57,"05"
-29,82.22,"05"
-27,244.82,"05"
-26,314.92,"05"
-26,108.59,"05"
-28,131.15,"05"
-29,288.58,"05"
-28,139.8,"05"
-27,272.34,"05"
-30,124.86,"05"
-27,53.66,"05"
-26,140.18,"05"
-30,133.59,"05"
-29,22.3,"05"
-25,134.83,"05"
-30,188.62,"05"
-28,298.61,"05"
-28,138.58,"05"
-26,96.07,"05"
-30,16.09,"05"
-29,171.12,"05"
-27,167.39,"05"
-27,128.66,"05"
-28,141.13,"05"
-26,266.07,"05"
-29,154.79,"05"
-30,313.66,"05"
-28,163.56,"05"
-29,206.09,"05"
-26,123.57,"05"
-26,41.08,"05"
-31,108.59,"05"
-29,196.09,"05"
-28,33.79,"05"
-27,17.27,"05"
-26,19.89,"05"
-25,128.55,"05"
-27,218.61,"05"
-28,146.11,"05"
-27,134.18,"05"
-28,138.67,"05"
-29,200.99,"05"
-27,218.58,"05"
-29,16.48,"05"
-26,32.38,"05"
-27,46.15,"05"
-28,137.38,"05"
-29,28.62,"05"
-29,23.56,"05"
-29,199.85,"05"
-27,141.09,"05"
-29,136.06,"05"
-29,198.57,"05"
-27,9.74,"05"
-29,137.31,"05"
-29,137.44,"05"
-28,86.17,"05"
-27,247.33,"05"
-29,202.35,"05"
-28,22.39,"05"
-29,149.82,"05"
-28,88.66,"05"
-26,174.86,"05"
-29,182.4,"05"
-29,137.35,"05"
-30,138.58,"05"
-32,211.03,"05"
-28,137.3,"05"
-29,247.03,"05"
-29,131.11,"05"
-29,143.53,"05"
-27,27.22,"05"
-27,159.58,"05"
-29,286.03,"05"
-31,236.14,"05"
-26,123.65,"05"
-27,112.33,"05"
-28,156.12,"05"
-29,226.11,"05"
-28,14.79,"05"
-26,88.63,"05"
-28,139.82,"05"
-29,331.13,"05"
-28,146.08,"05"
-25,44.76,"05"
-33,316.12,"05"
-30,196.18,"05"
-30,21.17,"05"
-30,301.08,"05"
-28,112.27,"05"
-27,26.1,"05"
-26,84.41,"05"
-28,43.61,"05"
-25,87.34,"05"
-28,176.06,"05"
-31,146.05,"05"
-29,138.61,"05"
-28,42.37,"05"
-29,114.85,"05"
-28,128.9,"05"
-25,136.1,"04"
-26,129.86,"04"
-26,24.83,"04"
-23,147.38,"04"
-25,48.53,"04"
-26,118.54,"04"
-27,129.81,"04"
-26,123.53,"04"
-23,178.59,"04"
-24,139.93,"04"
-25,133.65,"04"
-26,135.46,"04"
-26,132.31,"04"
-25,169.81,"04"
-27,15.99,"04"
-25,18.55,"04"
-26,76.12,"04"
-27,78.58,"04"
-24,191.14,"04"
-26,37.33,"04"
-27,127.36,"04"
-25,129.79,"04"
-24,48.61,"04"
-25,18.58,"04"
-26,314.95,"04"
-27,128.54,"04"
-26,91.13,"04"
-25,141.06,"04"
-25,139.8,"04"
-25,112.35,"04"
-27,139.82,"04"
-26,69.83,"04"
-25,204.87,"04"
-25,56.1,"04"
-26,27.32,"04"
-24,32.23,"04"
-25,18.64,"04"
-28,213.64,"04"
-26,134.82,"04"
-25,56.13,"04"
-26,97.38,"04"
-26,48.49,"04"
-24,54.81,"04"
-25,51.07,"04"
-25,11.14,"04"
-26,41.09,"04"
-27,113.59,"04"
-26,128.55,"04"
-27,19.77,"04"
-23,71,"04"
-25,189.84,"04"
-24,36.09,"04"
-26,127.3,"04"
-27,39.81,"04"
-24,168.58,"04"
-26,141.06,"04"
-25,124.83,"04"
-26,134.88,"04"
-26,56.1,"04"
-28,116.04,"04"
-25,21.07,"04"
-26,96.09,"04"
-24,27.37,"04"
-24,89.8,"04"
-25,38.58,"04"
-27,97.32,"04"
-24,131.09,"04"
-26,204.9,"04"
-25,122.31,"04"
-25,139.86,"04"
-26,41.05,"04"
-25,36.06,"04"
-23,18.56,"04"
-26,22.37,"04"
-26,148.64,"04"
-24,212.29,"04"
-26,68.61,"04"
-25,39.86,"04"
-26,127.32,"04"
-26,198.6,"04"
-25,16.16,"04"
-27,56.05,"04"
-26,211.08,"04"
-24,34.85,"04"
-26,123.54,"04"
-26,151.07,"04"
-27,128.61,"04"
-25,133.55,"04"
-26,21.04,"04"
-23,141.05,"04"
-25,84.86,"04"
-27,183.56,"04"
-25,36.07,"04"
-28,54.84,"04"
-25,219.9,"04"
-23,21.14,"04"
-27,157.3,"04"
-26,179.79,"04"
-24,128.59,"04"
-26,71.06,"04"
-24,17.33,"04"
-27,162.25,"04"
-25,192.75,"04"
-26,31.03,"04"
-24,127.36,"04"
-26,124.83,"04"
-25,127.32,"04"
-27,162.34,"04"
-25,37.28,"04"
-24,137.32,"04"
-25,46.07,"04"
-28,133.39,"04"
-26,37.3,"04"
-25,216.18,"04"
-26,137.39,"04"
-25,44.84,"04"
-26,128.56,"04"
-26,14.83,"04"
-24,44.86,"04"
-26,189.89,"04"
-25,184.96,"04"
-24,197.37,"04"
-26,28.51,"04"
-25,194.88,"04"
-27,181.08,"04"
-25,123.56,"04"
-25,141.11,"04"
-25,89.86,"04"
-24,197.34,"04"
-26,79.84,"04"
-25,214.84,"04"
-26,26.03,"04"
-25,127.3,"04"
-24,236.06,"04"
-23,191.13,"04"
-25,137.35,"04"
-25,108.51,"04"
-27,140.7,"04"
-27,26.08,"04"
-26,24.92,"04"
-26,27.37,"04"
-27,207.35,"04"
-25,202.36,"04"
-25,260.03,"04"
-26,68.62,"04"
-26,31.07,"04"
-25,191.09,"04"
-27,29.81,"04"
-27,73.57,"04"
-26,146.85,"04"
-24,121.09,"04"
-26,21.06,"04"
-25,177.31,"04"
-25,12.33,"04"
-25,58.71,"04"
-26,133.6,"04"
-25,31.04,"04"
-28,84.89,"04"
-26,31.11,"04"
-25,19.84,"04"
-27,53.63,"04"
-26,139.96,"04"
-23,156.05,"04"
-27,317.35,"04"
-25,74.73,"04"
-26,124.9,"04"
-26,167.77,"04"
-25,16.88,"04"
-25,189.87,"04"
-25,93.64,"04"
-27,31.09,"04"
-26,84.87,"04"
-26,162.3,"04"
-26,31.02,"04"
-28,197.39,"04"
-25,128.53,"04"
-27,154.83,"04"
-27,182.28,"04"
-26,126.02,"04"
-25,79.87,"04"
-26,108.6,"04"
-26,131.06,"04"
-25,133.6,"04"
-26,16.16,"04"
-27,126.13,"04"
-26,49.85,"04"
-26,234.84,"04"
-26,32.31,"04"
-26,201.09,"04"
-26,66.07,"04"
-25,33.57,"04"
-25,28.58,"04"
-25,111.05,"04"
-26,191.13,"04"
-25,177.34,"04"
-26,131.04,"04"
-27,159.87,"04"
-25,71.05,"04"
-25,31.08,"04"
-27,149.84,"04"
-28,144.84,"04"
-26,219.86,"04"
-24,137.27,"04"
-26,104.86,"04"
-26,28.6,"04"
-25,13.5,"04"
-25,131.05,"04"
-27,34.84,"04"
-27,202.36,"04"
-27,152.37,"04"
-26,127.34,"04"
-27,219.81,"04"
-24,123.54,"04"
-26,12.87,"04"
-24,19.76,"04"
-26,52.68,"04"
-27,200.95,"04"
-25,21.09,"04"
-26,36.09,"04"
-26,23.66,"04"
-25,154.88,"04"
-26,184.89,"04"
-24,153.6,"04"
-26,222.4,"04"
-26,102.29,"04"
-24,129.81,"04"
-24,157,"04"
-26,17.46,"04"
-27,184.86,"04"
-27,117.39,"04"
-26,196.11,"04"
-26,139.81,"04"
-26,33.64,"04"
-27,23.52,"04"
-27,146.11,"04"
-25,134.93,"04"
-25,144.8,"04"
-24,34.84,"04"
-25,167.29,"04"
-25,49.81,"04"
-26,137.24,"04"
-27,129.89,"04"
-27,93.59,"04"
-24,138.49,"04"
-25,62.38,"04"
-26,31.05,"04"
-25,216.09,"04"
-26,33.62,"04"
-27,163.56,"04"
-24,56.09,"04"
-25,147.3,"04"
-27,23.6,"04"
-25,37.31,"04"
-27,194.82,"04"
-25,46.15,"04"
-24,23.55,"04"
-25,31.15,"04"
-25,99.79,"04"
-24,183.97,"04"
-28,195.98,"04"
-26,222.24,"04"
-26,148.57,"04"
-26,18.54,"04"
-25,11.57,"04"
-28,73.57,"04"
-24,126.09,"04"
-27,154.78,"04"
-27,29.78,"04"
-24,33.57,"04"
-26,163.65,"04"
-25,24.84,"04"
-26,146.16,"04"
-26,202.39,"04"
-26,21.05,"04"
-26,126.07,"04"
-27,48.68,"04"
-25,183.56,"04"
-24,147.32,"04"
-25,203.62,"04"
-26,154.83,"04"
-24,11.01,"04"
-27,136.09,"04"
-26,22.32,"04"
-23,24.78,"04"
-24,43.6,"04"
-26,193.57,"04"
-24,61.04,"04"
-26,146.07,"04"
-27,89.88,"04"
-25,227.37,"04"
-25,136.91,"04"
-26,208.6,"04"
-25,48.71,"04"
-26,202.31,"04"
-26,132.38,"04"
-25,159.84,"04"
-26,24.84,"04"
-25,119.32,"04"
-27,201.1,"04"
-25,26.2,"04"
-25,24.86,"04"
-24,32.3,"04"
-25,174.82,"04"
-26,62.42,"04"
-26,136.07,"04"
-25,253.57,"04"
-26,26.14,"04"
-25,98.61,"04"
-25,143.55,"04"
-25,139.15,"04"
-27,201.05,"04"
-26,21.55,"04"
-26,161,"04"
-26,196.16,"04"
-26,16.08,"04"
-25,11.07,"04"
-25,47.35,"04"
-25,52.37,"04"
-26,189.84,"04"
-26,138.6,"04"
-29,196.07,"04"
-24,21.11,"04"
-27,13.61,"04"
-26,136.04,"04"
-24,82.35,"04"
-25,32.39,"04"
-25,28.59,"04"
-27,49.89,"04"
-25,14.8,"04"
-25,19.86,"04"
-27,101.08,"04"
-25,198.38,"04"
-27,131.08,"04"
-27,18.58,"04"
-27,99.81,"04"
-26,121.06,"04"
-27,123.53,"04"
-25,133.59,"04"
-25,132.31,"04"
-25,46.16,"04"
-28,128.59,"04"
-25,36.84,"04"
-25,129.91,"04"
-26,133.49,"04"
-26,176.02,"04"
-25,156.13,"04"
-25,128.54,"04"
-25,296.11,"04"
-25,15.99,"04"
-27,136.11,"04"
-27,28.55,"04"
-27,116.06,"04"
-26,201.02,"04"
-27,31.06,"04"
-26,78.9,"04"
-26,219.85,"04"
-26,154.86,"04"
-26,224.82,"04"
-25,17.29,"04"
-27,26.1,"04"
-27,12.4,"04"
-27,114.83,"04"
-29,81.1,"04"
-26,8.61,"04"
-27,18.59,"04"
-24,139.81,"04"
-26,11.07,"04"
-26,18.6,"04"
-27,127.34,"04"
-26,122.32,"04"
-25,144.82,"04"
-26,106.05,"04"
-25,128.59,"04"
-26,16.1,"04"
-26,128.57,"04"
-26,140.67,"04"
-25,198.6,"04"
-26,152.27,"04"
-23,87.35,"04"
-24,152.3,"04"
-25,19.9,"04"
-26,54.79,"04"
-26,96.07,"04"
-24,24.88,"04"
-27,79.79,"04"
-24,154.85,"04"
-27,128.62,"04"
-26,204.83,"04"
-25,106.08,"04"
-26,48.58,"04"
-25,217.34,"04"
-27,128.59,"04"
-27,126.05,"04"
-26,39.08,"04"
-26,22.26,"04"
-27,18.61,"04"
-25,88.58,"04"
-26,13.62,"04"
-25,79.82,"04"
-26,96,"04"
-26,129.91,"04"
-25,177.32,"04"
-26,173.59,"04"
-26,171.1,"04"
-25,133.61,"04"
-26,42.32,"04"
-26,68.58,"04"
-26,128.53,"04"
-25,102.36,"04"
-24,66.08,"04"
-25,127.36,"04"
-27,44.84,"04"
-27,12.39,"04"
-28,143.64,"04"
-26,162.33,"04"
-25,22.27,"04"
-26,27.35,"04"
-24,31.09,"04"
-27,253.79,"04"
-26,134.78,"04"
-24,177.32,"04"
-23,39.91,"04"
-24,131.03,"04"
-26,74.87,"04"
-25,134.83,"04"
-25,148.55,"04"
-26,17.95,"04"
-25,6.1,"04"
-25,197.35,"04"
-26,33.56,"04"
-26,136.11,"04"
-26,165.23,"04"
-27,144.71,"04"
-25,201.12,"04"
-27,157.24,"04"
-26,39.83,"04"
-26,123.6,"04"
-26,101.04,"04"
-24,18.67,"04"
-25,107.33,"04"
-25,93.55,"04"
-24,34.86,"04"
-26,26.06,"04"
-26,147.29,"04"
-25,109.79,"04"
-24,9.8,"04"
-27,161.06,"04"
-25,21.04,"04"
-26,214.77,"04"
-26,144.82,"04"
-26,203.36,"04"
-25,89.85,"04"
-26,198.58,"04"
-25,17.3,"04"
-27,192.36,"04"
-26,97.26,"04"
-26,21.12,"04"
-23,144.93,"04"
-25,91.07,"04"
-27,23.67,"04"
-26,172.37,"04"
-26,143.94,"04"
-24,126.06,"04"
-25,6.28,"04"
-27,125.01,"04"
-26,23.68,"04"
-25,203.58,"04"
-26,76.07,"04"
-24,204.85,"04"
-25,134.85,"04"
-25,122.24,"04"
-24,214.82,"04"
-27,133.55,"04"
-25,24.74,"04"
-24,146.07,"04"
-24,137.4,"04"
-27,114.85,"04"
-26,42.39,"04"
-23,229.94,"04"
-25,164.85,"04"
-27,171.09,"04"
-26,54.81,"04"
-26,92.29,"04"
-27,201.06,"04"
-27,127.31,"04"
-26,82.35,"04"
-25,187.35,"04"
-25,122.32,"04"
-26,57.3,"04"
-24,19.88,"04"
-27,21.14,"04"
-26,86.09,"04"
-26,7.36,"04"
-28,152.25,"04"
-25,126.15,"04"
-26,143.56,"04"
-26,108.51,"04"
-27,16.06,"04"
-26,206.19,"04"
-27,21.09,"04"
-25,26.1,"04"
-25,126.07,"04"
-27,81.11,"04"
-26,127.4,"04"
-26,223.6,"04"
-26,133.61,"04"
-26,124.93,"04"
-25,138.64,"04"
-26,99.8,"04"
-27,123.58,"04"
-26,197.38,"04"
-26,154.79,"04"
-27,192.39,"03"
-27,14.01,"03"
-22,139.84,"03"
-21,147.32,"03"
-29,141.12,"03"
-26,206.09,"03"
-27,134.89,"03"
-26,108.58,"03"
-24,22.33,"03"
-27,254.83,"03"
-30,143.59,"03"
-26,23.58,"03"
-31,138.61,"03"
-28,202.3,"03"
-29,141.09,"03"
-24,24.85,"03"
-26,51.17,"03"
-27,137.37,"03"
-27,38.55,"03"
-22,18.97,"03"
-28,134.81,"03"
-28,114.77,"03"
-27,213.56,"03"
-27,118.57,"03"
-23,53.63,"03"
-22,103.62,"03"
-22,149.82,"03"
-27,206.15,"03"
-28,139.77,"03"
-27,28.56,"03"
-22,161.03,"03"
-27,144.84,"03"
-28,22.29,"03"
-24,68.53,"03"
-26,132.28,"03"
-26,136.12,"03"
-23,131.08,"03"
-27,143.6,"03"
-26,141.1,"03"
-25,19.85,"03"
-23,146.1,"03"
-29,186.08,"03"
-28,118.57,"03"
-23,31.06,"03"
-29,31.09,"03"
-23,136.1,"03"
-28,134.79,"03"
-24,127.33,"03"
-27,43.55,"03"
-26,166.11,"03"
-26,168.56,"03"
-25,131.06,"03"
-29,69.79,"03"
-28,179.87,"03"
-25,17.25,"03"
-23,176.1,"03"
-26,103.65,"03"
-27,128.32,"03"
-27,22.39,"03"
-29,21.11,"03"
-24,127.32,"03"
-25,21.14,"03"
-24,208.61,"03"
-25,177.33,"03"
-27,193.63,"03"
-23,28.68,"03"
-24,129.84,"03"
-23,126.03,"03"
-23,21.12,"03"
-28,164.86,"03"
-27,137.27,"03"
-23,209.88,"03"
-25,143.56,"03"
-26,152.44,"03"
-33,146.11,"03"
-27,203.66,"03"
-28,186.07,"03"
-27,176.08,"03"
-25,144.94,"03"
-22,167.38,"03"
-28,188.57,"03"
-25,194.84,"03"
-24,174.55,"03"
-20,33.62,"03"
-30,182.37,"03"
-21,132.34,"03"
-21,42.31,"03"
-29,134.83,"03"
-29,134.78,"03"
-22,129.86,"03"
-23,206.01,"03"
-23,44.79,"03"
-26,114.85,"03"
-29,254.78,"03"
-21,154.83,"03"
-31,249.86,"03"
-28,144.84,"03"
-26,106.14,"03"
-24,194.89,"03"
-22,134.87,"03"
-24,168.52,"03"
-26,151.04,"03"
-25,147.36,"03"
-31,271.02,"03"
-28,153.62,"03"
-28,136.11,"03"
-27,173.61,"03"
-26,146.42,"03"
-24,117.54,"03"
-26,18.57,"03"
-26,134.83,"03"
-24,152.32,"03"
-29,248.65,"03"
-29,85.9,"03"
-27,145.16,"03"
-25,139.14,"03"
-28,326.07,"03"
-27,126.13,"03"
-25,98.58,"03"
-22,99.85,"03"
-25,244.85,"03"
-31,203.54,"03"
-29,52.38,"03"
-23,178.6,"03"
-24,108.59,"03"
-24,157.3,"03"
-25,46.07,"03"
-28,131.02,"03"
-21,123.61,"03"
-23,106.01,"03"
-25,201.04,"03"
-26,199.81,"03"
-25,128.55,"03"
-24,27.28,"03"
-26,133.62,"03"
-24,138.54,"03"
-28,18.53,"03"
-32,249.77,"03"
-25,136.06,"03"
-25,288.25,"03"
-28,113.29,"03"
-23,31.11,"03"
-25,196.1,"03"
-28,109.87,"03"
-24,138.56,"03"
-22,82.39,"03"
-29,33.58,"03"
-31,237.28,"03"
-30,138.67,"03"
-30,249.85,"03"
-23,37.35,"03"
-26,151.1,"03"
-25,22.26,"03"
-25,81.07,"03"
-25,117.32,"03"
-25,216.1,"03"
-20,146.03,"03"
-28,146.07,"03"
-25,42.36,"03"
-28,254.75,"03"
-27,83.56,"03"
-26,128.57,"03"
-25,18.58,"03"
-26,252.36,"03"
-22,129.84,"03"
-28,136.07,"03"
-25,129.84,"03"
-28,137.39,"03"
-25,19.91,"03"
-27,318.55,"03"
-27,134.85,"03"
-25,126.14,"03"
-26,203.55,"03"
-27,24.88,"03"
-25,131.1,"03"
-29,93.47,"03"
-23,91.17,"03"
-24,21.08,"03"
-28,241.1,"03"
-28,16.87,"03"
-24,22.27,"03"
-28,132.38,"03"
-25,213.61,"03"
-26,259.87,"03"
-25,104.77,"03"
-26,134.75,"03"
-26,34.91,"03"
-27,137.38,"03"
-23,42.37,"03"
-31,148.67,"03"
-31,178.54,"03"
-24,122.31,"03"
-23,124.87,"03"
-27,243.6,"03"
-23,101.1,"03"
-23,117.33,"03"
-24,159.55,"03"
-27,129.92,"03"
-26,136,"03"
-26,89.8,"03"
-25,86.05,"03"
-31,168.54,"03"
-27,101.09,"03"
-25,134.9,"03"
-28,132.29,"03"
-24,24.81,"03"
-25,28.6,"03"
-30,132.42,"03"
-24,23.54,"03"
-28,231.12,"03"
-26,143.68,"03"
-25,17.32,"03"
-30,132.29,"03"
-25,196.09,"03"
-25,141.07,"03"
-22,73.57,"03"
-24,195.75,"03"
-25,177.38,"03"
-28,138.62,"03"
-26,21.11,"03"
-26,37.46,"03"
-26,21.09,"03"
-27,141.08,"03"
-29,136.13,"03"
-28,13.56,"03"
-25,218.54,"03"
-28,22.34,"03"
-27,163.51,"03"
-25,52.68,"03"
-27,131.08,"03"
-23,129.85,"03"
-28,138.6,"03"
-26,247.28,"03"
-27,142.38,"03"
-26,17.41,"03"
-21,129.75,"03"
-31,136.15,"03"
-25,131.17,"03"
-26,41.16,"03"
-29,136.1,"03"
-25,22.33,"03"
-29,146.06,"03"
-27,219.85,"03"
-24,92.36,"03"
-29,142.38,"03"
-25,129.82,"03"
-26,139.85,"03"
-30,97.39,"03"
-23,91.12,"03"
-26,213.58,"03"
-24,136.08,"03"
-29,247.27,"03"
-23,207.29,"03"
-26,104.83,"03"
-25,106.15,"03"
-26,18.62,"03"
-29,146.12,"03"
-26,61.19,"03"
-28,202.34,"03"
-23,171.17,"03"
-23,129.79,"03"
-29,97.39,"03"
-23,141.04,"03"
-22,154.81,"03"
-23,132.34,"03"
-24,31.08,"03"
-25,24.65,"03"
-25,142.31,"03"
-30,332.3,"03"
-23,144.79,"03"
-24,274.82,"03"
-25,187.35,"03"
-24,137.32,"03"
-30,284.72,"03"
-23,201.14,"03"
-27,238.56,"03"
-26,191.18,"03"
-25,126.1,"03"
-29,87.37,"03"
-24,116.01,"03"
-28,136.1,"03"
-21,186.06,"03"
-25,123.57,"03"
-25,209.8,"03"
-27,326.06,"03"
-29,147.3,"03"
-27,146.15,"03"
-26,139.81,"03"
-30,136.04,"03"
-27,126.05,"03"
-26,142.36,"03"
-29,137.36,"03"
-22,209.92,"03"
-28,203.6,"03"
-25,53.57,"03"
-25,116.04,"03"
-23,141.07,"03"
-22,83.6,"03"
-28,33.55,"03"
-25,129.88,"03"
-27,150.96,"03"
-28,117.31,"03"
-29,267.28,"03"
-25,14.85,"03"
-25,248.58,"03"
-28,151.04,"03"
-23,208.53,"03"
-28,89.84,"03"
-25,19.84,"03"
-23,203.51,"03"
-25,134.82,"03"
-25,201.09,"03"
-25,124.81,"03"
-26,134.88,"03"
-23,18.85,"03"
-31,247.35,"03"
-30,91.14,"03"
-25,34.88,"03"
-23,142.33,"03"
-27,204.87,"03"
-23,127.36,"03"
-25,123.55,"03"
-29,246.06,"03"
-28,34.84,"03"
-24,208.59,"03"
-29,131.08,"03"
-25,14.87,"03"
-28,118.6,"03"
-27,184.74,"03"
-26,191.05,"03"
-26,117.28,"03"
-26,134.81,"03"
-30,33.71,"03"
-30,138.58,"03"
-28,139.82,"03"
-29,193.6,"03"
-25,53.66,"03"
-24,127.36,"03"
-23,172.31,"03"
-24,146.09,"03"
-24,101.01,"03"
-24,207.24,"03"
-23,134.83,"03"
-25,128.63,"03"
-23,131.37,"03"
-27,203.57,"03"
-23,190.86,"03"
-22,14.78,"03"
-28,137.33,"03"
-25,206.04,"03"
-25,18.54,"03"
-24,133.61,"03"
-25,132.29,"03"
-26,139.77,"03"
-27,129.84,"03"
-26,176.09,"03"
-23,13.55,"03"
-27,133.23,"03"
-27,242.31,"03"
-28,123.61,"03"
-24,23.66,"03"
-24,24.87,"03"
-27,199.94,"03"
-26,187.34,"03"
-22,133.59,"03"
-26,153.61,"03"
-28,11.13,"03"
-28,132.33,"03"
-24,157.26,"03"
-30,131.16,"03"
-29,241.09,"03"
-30,191.07,"03"
-27,88.58,"03"
-22,99.83,"03"
-25,21.08,"03"
-31,208.49,"03"
-21,146.05,"03"
-28,139.44,"03"
-22,14.8,"03"
-26,193.69,"03"
-25,144.82,"03"
-25,266.09,"03"
-27,24.81,"03"
-23,27.35,"03"
-21,142.38,"03"
-20,199.86,"03"
-27,36.09,"03"
-24,42.33,"03"
-23,128.59,"03"
-27,16.41,"03"
-24,157.38,"03"
-23,99.86,"03"
-22,116.05,"03"
-24,127.3,"03"
-28,146.09,"03"
-25,136.09,"03"
-29,129.8,"03"
-29,19.84,"03"
-28,208.59,"03"
-23,62.35,"03"
-27,244.84,"03"
-23,209.79,"03"
-24,137.36,"03"
-27,29.8,"03"
-23,179.89,"03"
-26,207.5,"03"
-25,213.54,"03"
-29,128.72,"03"
-22,129.88,"03"
-28,210.24,"03"
-26,276.1,"03"
-26,14.89,"03"
-24,97.31,"03"
-27,124.88,"03"
-28,17.36,"03"
-24,58.56,"03"
-28,128.63,"03"
-27,251.02,"03"
-23,141.06,"03"
-27,151.08,"03"
-23,214.83,"03"
-22,126.08,"03"
-27,41.03,"03"
-28,129.84,"03"
-26,56.18,"03"
-25,79.84,"03"
-26,119.75,"03"
-33,252.35,"03"
-27,153.46,"03"
-26,121.03,"03"
-24,134.84,"03"
-26,132.31,"03"
-24,14.81,"03"
-22,129.89,"03"
-26,177.31,"03"
-25,97.84,"03"
-26,92.34,"03"
-25,135.9,"03"
-27,18.55,"03"
-22,134.85,"03"
-25,251.1,"03"
-23,21.75,"03"
-26,21.14,"03"
-26,91.11,"03"
-26,18.65,"03"
-27,72.28,"03"
-28,132.26,"03"
-29,131.1,"03"
-28,8.64,"03"
-27,176.13,"03"
-26,136.13,"03"
-26,121.14,"03"
-28,132.34,"03"
-25,89.87,"03"
-26,109.79,"03"
-27,153.55,"03"
-25,147.29,"03"
-25,196.16,"03"
-29,163.62,"03"
-26,124.86,"03"
-25,147.33,"03"
-26,133.55,"03"
-28,163.58,"03"
-23,110.01,"03"
-28,136.05,"03"
-23,26.07,"03"
-25,95.08,"03"
-26,107.36,"03"
-29,124.85,"03"
-28,32.33,"03"
-25,203.57,"03"
-27,136.08,"03"
-22,176.05,"03"
-23,72.36,"03"
-30,108.58,"03"
-24,81.11,"03"
-27,18.54,"03"
-30,222.38,"03"
-25,28.51,"03"
-28,143.09,"03"
-27,118.62,"03"
-27,187.31,"03"
-25,176.03,"03"
-29,134.84,"03"
-26,89.78,"03"
-23,8.57,"03"
-32,248.69,"03"
-26,27.3,"03"
-28,133.58,"03"
-24,201.05,"03"
-31,252.3,"03"
-26,108.63,"03"
-26,144.84,"03"
-28,54.85,"03"
-21,89.8,"03"
-25,39.79,"03"
-26,91.12,"03"
-27,140.67,"03"
-24,295.81,"03"
-24,123.57,"03"
-25,126.07,"03"
-27,139.83,"03"
-25,84.85,"03"
-30,196.07,"03"
-28,146.06,"03"
-25,193.55,"03"
-27,218.46,"03"
-31,211.07,"03"
-26,196.08,"03"
-26,138.55,"03"
-15,81.11,"02"
-19,238.63,"02"
-16,37.3,"02"
-14,198.56,"02"
-15,63.49,"02"
-20,199.85,"02"
-12,124.93,"02"
-15,94.88,"02"
-22,126.58,"02"
-16,38.61,"02"
-17,92.3,"02"
-18,89.68,"02"
-15,25.34,"02"
-15,212.37,"02"
-17,21.1,"02"
-14,132.37,"02"
-17,128.65,"02"
-13,86.17,"02"
-16,68.62,"02"
-16,16.05,"02"
-15,194.89,"02"
-17,13.6,"02"
-16,97.37,"02"
-14,21.15,"02"
-16,128.55,"02"
-12,13.58,"02"
-25,23.82,"02"
-14,21.19,"02"
-20,69.83,"02"
-15,152.36,"02"
-12,34.79,"02"
-13,167.36,"02"
-12,137.34,"02"
-20,28.61,"02"
-15,217.43,"02"
-18,54.82,"02"
-13,146.18,"02"
-12,77.76,"02"
-15,134.84,"02"
-12,202.68,"02"
-15,26.22,"02"
-17,15.48,"02"
-12,118.57,"02"
-15,34.79,"02"
-16,27.39,"02"
-17,69.89,"02"
-16,133.65,"02"
-18,126.08,"02"
-16,19.85,"02"
-20,24.81,"02"
-16,167.29,"02"
-18,196.14,"02"
-16,207.37,"02"
-19,32.32,"02"
-13,145.44,"02"
-16,103.57,"02"
-20,89.87,"02"
-15,156.9,"02"
-14,38.59,"02"
-12,138.65,"02"
-16,183.54,"02"
-12,122.29,"02"
-18,128.52,"02"
-16,206.07,"02"
-14,163.65,"02"
-15,124.79,"02"
-15,143.83,"02"
-14,158.59,"02"
-15,53.58,"02"
-21,101.12,"02"
-24,132.38,"02"
-14,194.84,"02"
-18,47.36,"02"
-15,19.85,"02"
-14,86.19,"02"
-16,129.83,"02"
-12,94.88,"02"
-14,108.6,"02"
-14,132.27,"02"
-17,126.08,"02"
-18,176.13,"02"
-15,102.27,"02"
-18,128.53,"02"
-14,52.36,"02"
-15,164.85,"02"
-19,18.53,"02"
-14,17.9,"02"
-13,133.61,"02"
-12,133.66,"02"
-16,108.54,"02"
-15,14.81,"02"
-14,134.84,"02"
-13,91.51,"02"
-18,32.34,"02"
-15,209.81,"02"
-16,147.32,"02"
-16,68.53,"02"
-16,108.63,"02"
-21,19.75,"02"
-20,198.61,"02"
-16,182.39,"02"
-17,83.64,"02"
-14,186.03,"02"
-15,18.25,"02"
-18,24.82,"02"
-17,93.52,"02"
-11,167.29,"02"
-16,164.86,"02"
-15,27.39,"02"
-17,202.35,"02"
-15,91.08,"02"
-17,192.32,"02"
-21,157.28,"02"
-14,133.63,"02"
-16,132.32,"02"
-15,119.68,"02"
-13,92.32,"02"
-14,199.86,"02"
-15,35.32,"02"
-16,129.42,"02"
-16,34.99,"02"
-18,33.62,"02"
-15,21.64,"02"
-22,106.02,"02"
-17,212.32,"02"
-17,193.59,"02"
-12,120.96,"02"
-17,29.89,"02"
-19,164.84,"02"
-19,82.39,"02"
-15,133.44,"02"
-15,88.06,"02"
-11,124.92,"02"
-12,171.18,"02"
-14,26.01,"02"
-11,134.84,"02"
-14,132.36,"02"
-17,207.45,"02"
-18,54.79,"02"
-18,64.74,"02"
-16,143.57,"02"
-15,31.09,"02"
-15,138.55,"02"
-17,123.58,"02"
-15,137.34,"02"
-19,194.79,"02"
-19,144.8,"02"
-21,37.25,"02"
-20,88.53,"02"
-15,133.58,"02"
-17,30.66,"02"
-16,53.93,"02"
-14,77.11,"02"
-15,171.05,"02"
-13,25.34,"02"
-12,27.26,"02"
-17,176.11,"02"
-17,19.85,"02"
-13,138.69,"02"
-15,148.6,"02"
-14,108.54,"02"
-14,54.76,"02"
-17,130.87,"02"
-18,22.28,"02"
-18,22.33,"02"
-17,116.05,"02"
-15,66.16,"02"
-16,29.84,"02"
-15,174.79,"02"
-15,111.09,"02"
-17,33.52,"02"
-16,72.36,"02"
-14,27.31,"02"
-16,186.11,"02"
-16,149.84,"02"
-17,129.94,"02"
-14,24.76,"02"
-13,137.34,"02"
-13,29.8,"02"
-15,142.51,"02"
-18,138.58,"02"
-12,9.84,"02"
-15,189.67,"02"
-15,124.82,"02"
-19,146.16,"02"
-17,114.86,"02"
-14,118.53,"02"
-15,134.85,"02"
-15,142.34,"02"
-14,39.87,"02"
-16,26.11,"02"
-15,53.6,"02"
-19,44.84,"02"
-15,127.33,"02"
-16,91.09,"02"
-17,33.54,"02"
-15,218.53,"02"
-19,38.64,"02"
-18,144.77,"02"
-16,113.54,"02"
-13,14.84,"02"
-16,77.28,"02"
-17,27.37,"02"
-20,128.64,"02"
-16,14.73,"02"
-18,66.09,"02"
-18,128.58,"02"
-19,123.57,"02"
-15,21.1,"02"
-16,16.1,"02"
-17,106.97,"02"
-12,131.43,"02"
-14,36.1,"02"
-15,147.35,"02"
-14,152.33,"02"
-16,22.33,"02"
-16,11.12,"02"
-20,156.07,"02"
-16,118.61,"02"
-14,116.08,"02"
-14,124.76,"02"
-21,47.33,"02"
-16,98.62,"02"
-14,192.32,"02"
-17,13.02,"02"
-17,43.56,"02"
-17,27.31,"02"
-17,94.85,"02"
-16,10.32,"02"
-17,213.67,"02"
-18,184.84,"02"
-14,131.11,"02"
-19,141.1,"02"
-14,18.62,"02"
-18,54.89,"02"
-11,196.07,"02"
-15,14.64,"02"
-13,84.97,"02"
-16,143.54,"02"
-16,7.35,"02"
-18,183.5,"02"
-20,142.33,"02"
-17,12.33,"02"
-23,172.7,"02"
-17,147.44,"02"
-20,51.12,"02"
-16,45.4,"02"
-13,49.83,"02"
-14,86.06,"02"
-14,62.33,"02"
-14,134.9,"02"
-14,156,"02"
-17,22.32,"02"
-16,41.14,"02"
-14,66.04,"02"
-14,138.56,"02"
-19,34.83,"02"
-14,102.35,"02"
-18,44.86,"02"
-13,196.1,"02"
-19,146.06,"02"
-13,87.28,"02"
-12,131.07,"02"
-15,21.07,"02"
-16,88.62,"02"
-15,124.86,"02"
-14,138.53,"02"
-15,139.9,"02"
-16,92.4,"02"
-12,142.77,"02"
-15,159.82,"02"
-12,99.83,"02"
-18,98.62,"02"
-13,31.01,"02"
-17,45.97,"02"
-20,142.37,"02"
-13,139.77,"02"
-17,27.47,"02"
-15,56.05,"02"
-19,163.61,"02"
-16,102.36,"02"
-18,132.34,"02"
-14,86.07,"02"
-16,51.11,"02"
-16,51.14,"02"
-14,101.16,"02"
-15,144.86,"02"
-14,76.17,"02"
-15,82.33,"02"
-17,53.58,"02"
-14,126.08,"02"
-16,129.84,"02"
-16,83.65,"02"
-16,26.03,"02"
-19,179.88,"02"
-16,209.77,"02"
-15,114.83,"02"
-18,36.17,"02"
-18,82.38,"02"
-17,64.92,"02"
-15,196.03,"02"
-15,76.06,"02"
-17,143.23,"02"
-16,131.16,"02"
-15,149.81,"02"
-17,171.13,"02"
-15,86.17,"02"
-16,177.38,"02"
-14,149.83,"02"
-14,19.93,"02"
-19,14.2,"02"
-15,136.05,"02"
-17,23.46,"02"
-19,137.29,"02"
-19,126.15,"02"
-16,87.34,"02"
-17,74.88,"02"
-17,144.8,"02"
-15,137.35,"02"
-12,55.99,"02"
-13,123.58,"02"
-16,137.3,"02"
-20,127.33,"02"
-22,104.78,"02"
-12,171.12,"02"
-20,103.4,"02"
-13,204.85,"02"
-14,121.11,"02"
-14,87.36,"02"
-15,32.31,"02"
-22,193.87,"02"
-14,131.05,"02"
-19,176.08,"02"
-16,91.17,"02"
-13,37.29,"02"
-17,149.78,"02"
-15,124.85,"02"
-15,203.6,"02"
-15,61.06,"02"
-15,171,"02"
-16,33.72,"02"
-15,132.34,"02"
-13,144.82,"02"
-16,28.63,"02"
-15,208.61,"02"
-17,69.86,"02"
-16,153.61,"02"
-13,138.59,"02"
-19,207.38,"02"
-16,147.33,"02"
-16,17.29,"02"
-14,176.09,"02"
-15,44.79,"02"
-15,193.65,"02"
-17,81.14,"02"
-15,141.13,"02"
-13,126.07,"02"
-18,24.84,"02"
-17,49.78,"02"
-17,104.85,"02"
-16,188.56,"02"
-16,93.61,"02"
-15,14.85,"02"
-20,127.03,"02"
-12,45.56,"02"
-16,39.81,"02"
-17,141.07,"02"
-17,192.28,"02"
-16,138.52,"02"
-12,126.06,"02"
-14,668.57,"02"
-17,27.34,"02"
-15,208.6,"02"
-19,95.99,"02"
-20,28.54,"02"
-21,34.76,"02"
-20,98.54,"02"
-14,27.25,"02"
-13,143.62,"02"
-15,32.35,"02"
-21,202.36,"02"
-17,93.55,"02"
-12,147.38,"02"
-20,49.73,"02"
-15,36.09,"02"
-19,146.1,"02"
-16,42.4,"02"
-18,128.57,"02"
-16,138.58,"02"
-14,214.84,"02"
-14,26.1,"02"
-16,42.33,"02"
-14,31.13,"02"
-15,132.33,"02"
-18,134.8,"02"
-15,66.09,"02"
-21,82.34,"02"
-12,132.96,"02"
-12,136.06,"02"
-16,17.36,"02"
-12,124.9,"02"
-19,187.33,"02"
-17,201.11,"02"
-15,162.39,"02"
-18,69.78,"02"
-15,138.59,"02"
-19,36.11,"02"
-14,84.87,"02"
-13,131.06,"02"
-18,42.23,"02"
-14,102.49,"02"
-15,24.87,"02"
-15,97.3,"02"
-20,156.04,"02"
-20,81.09,"02"
-15,103.96,"02"
-18,133.76,"02"
-12,98.57,"02"
-18,129.86,"02"
-15,161.01,"02"
-14,52.4,"02"
-13,121.06,"02"
-16,137.35,"02"
-20,124.8,"02"
-15,227.33,"02"
-17,146.2,"02"
-15,187.37,"02"
-15,141.15,"02"
-19,198.48,"02"
-17,51.72,"02"
-14,110.96,"02"
-17,176.08,"02"
-13,63.61,"02"
-18,44.72,"02"
-17,120.67,"02"
-19,91.01,"02"
-23,179.82,"02"
-17,173.54,"02"
-16,102.3,"02"
-16,226.09,"02"
-16,94.86,"02"
-17,18.58,"02"
-15,159.83,"02"
-18,134.82,"02"
-13,138.52,"02"
-14,31.1,"02"
-17,98.56,"02"
-14,219.85,"02"
-17,98.58,"02"
-19,79.82,"02"
-14,38.66,"02"
-14,103.55,"02"
-14,54.92,"02"
-14,99.79,"02"
-15,7.36,"02"
-14,126.09,"02"
-16,66.79,"02"
-17,36.09,"02"
-16,22.34,"02"
-15,143.55,"02"
-15,204.78,"02"
-17,131.1,"02"
-20,59.85,"02"
-16,33.76,"02"
-19,248.61,"02"
-17,319.8,"02"
-15,179.93,"02"
-16,18.57,"02"
-15,19.84,"02"
-19,132.33,"02"
-15,138.62,"02"
-17,47.35,"02"
-12,89.87,"02"
-20,77.33,"02"
-15,147.41,"02"
-14,202.36,"02"
-13,134.93,"02"
-20,134.81,"02"
-15,131.1,"02"
-16,63.58,"02"
-17,33.58,"02"
-16,169.52,"02"
-20,78.56,"02"
-17,126.11,"02"
-15,47.45,"02"
-13,113.59,"02"
-14,132.33,"02"
-15,128.57,"02"
-16,127.34,"02"
-12,103.61,"02"
-14,83.53,"02"
-21,64.86,"02"
-17,132.4,"02"
-18,24.12,"02"
-21,126.03,"02"
-14,24.81,"02"
-16,104.19,"02"
-16,123.58,"02"
-17,187.35,"02"
-18,75.08,"02"
-18,28.51,"02"
-19,147.29,"02"
-16,21.1,"02"
-17,81.09,"02"
-15,211.04,"02"
-18,27.29,"02"
-13,49.85,"02"
-17,147.35,"02"
-12,132.31,"02"
-14,15.99,"02"
-14,94.87,"02"
-20,22.27,"02"
-16,99.82,"02"
-15,83.63,"02"
-19,128.58,"02"
-20,207.37,"02"
-17,224.83,"02"
-14,169.82,"02"
-16,196.07,"02"
-13,204.82,"02"
-4,48.62,"01"
-3,124.85,"01"
-4,131.07,"01"
-5,204.87,"01"
-4,39.98,"01"
-3,202.35,"01"
-3,198.66,"01"
-1,21.15,"01"
-3,88.59,"01"
-1,38.58,"01"
-3,93.51,"01"
-2,33.63,"01"
-2,146.13,"01"
-3,12.4,"01"
-3,156.03,"01"
-4,53.58,"01"
-5,99.87,"01"
0,126.07,"01"
0,13.56,"01"
-1,18.55,"01"
0,34.86,"01"
-1,97.34,"01"
-3,41.1,"01"
-4,167.28,"01"
-2,181.11,"01"
-3,131.09,"01"
-2,24.84,"01"
-3,133.51,"01"
-3,76.05,"01"
-4,199.84,"01"
-1,87.32,"01"
-4,163.62,"01"
-5,128.55,"01"
-2,134.76,"01"
-2,131.07,"01"
-1,207.29,"01"
-1,10.92,"01"
0,129.85,"01"
-1,126.03,"01"
-2,28.55,"01"
-3,49.85,"01"
-1,131.07,"01"
-1,58.65,"01"
0,147.3,"01"
-1,131.09,"01"
-1,189.77,"01"
-1,27.41,"01"
-2,191.02,"01"
-4,126.13,"01"
-2,123.63,"01"
0,43.58,"01"
-3,18.67,"01"
-1,118.6,"01"
-4,34.8,"01"
-4,49.83,"01"
-3,105.54,"01"
-1,93.51,"01"
0,22.24,"01"
-1,28.56,"01"
-2,133.67,"01"
-3,136.12,"01"
0,148.59,"01"
0,19.79,"01"
-3,156.1,"01"
-4,129.93,"01"
-6,18.48,"01"
-3,22.38,"01"
-2,111.1,"01"
-1,16.1,"01"
-2,31.13,"01"
-1,149.82,"01"
-3,199.87,"01"
-3,48.59,"01"
-2,182.34,"01"
-3,9.78,"01"
0,7.32,"01"
-3,123.52,"01"
-2,26.04,"01"
-2,137.38,"01"
-2,163.53,"01"
-2,84.8,"01"
-4,19.81,"01"
-2,102.35,"01"
-2,97.39,"01"
-1,52.38,"01"
-2,41.1,"01"
-4,97.3,"01"
-2,99.91,"01"
-3,9.9,"01"
-3,123.67,"01"
-4,36.05,"01"
-2,133.55,"01"
-4,143.6,"01"
-1,148.57,"01"
-1,127.33,"01"
-1,162.37,"01"
-3,66.17,"01"
-3,133.61,"01"
-3,21.13,"01"
0,129.83,"01"
0,72.36,"01"
0,84.93,"01"
-1,48.56,"01"
0,127.34,"01"
-3,27.35,"01"
-2,14.78,"01"
-2,129.8,"01"
-1,141.08,"01"
-4,207.3,"01"
-1,167.22,"01"
-3,197.32,"01"
-2,133.65,"01"
-4,216.09,"01"
0,124.9,"01"
-3,141.09,"01"
-2,16.08,"01"
0,84.85,"01"
-1,83.55,"01"
-3,97.34,"01"
-3,16.11,"01"
-4,126.09,"01"
-4,111.43,"01"
-3,122.42,"01"
-3,26.09,"01"
-1,11.09,"01"
-4,134.48,"01"
-4,133.63,"01"
-1,69.78,"01"
-2,13.61,"01"
-5,136.08,"01"
-2,123.6,"01"
-4,22.31,"01"
-2,23.54,"01"
0,94.79,"01"
-3,32.35,"01"
-3,149.86,"01"
-4,211.14,"01"
-4,119.8,"01"
-2,46.18,"01"
-4,86.08,"01"
-4,146.09,"01"
-1,21.03,"01"
-3,36.22,"01"
-3,209.79,"01"
-5,203.55,"01"
-2,201.04,"01"
-3,191.09,"01"
-1,83.6,"01"
-3,124.82,"01"
0,191.04,"01"
-1,122.35,"01"
-3,19.85,"01"
-2,22.3,"01"
-3,126.1,"01"
-1,141.04,"01"
-5,123.55,"01"
-4,23.66,"01"
-5,13.56,"01"
-2,147.31,"01"
0,123.58,"01"
-4,64.9,"01"
0,13.57,"01"
-3,118.66,"01"
-2,180.98,"01"
-5,128.56,"01"
-4,109.85,"01"
-6,227.39,"01"
-2,92.27,"01"
-2,86.08,"01"
-4,149.78,"01"
-1,129.84,"01"
-3,178.55,"01"
-3,124.91,"01"
-3,164.78,"01"
-4,121.04,"01"
-3,123.55,"01"
-1,24.69,"01"
0,136.1,"01"
-3,208.57,"01"
-1,53.59,"01"
-3,23.63,"01"
0,53.56,"01"
-3,73.64,"01"
-5,101.05,"01"
-2,22.36,"01"
-3,97.39,"01"
-3,194.8,"01"
-2,109.82,"01"
-5,144.8,"01"
-3,33.02,"01"
-3,16.14,"01"
-3,21.17,"01"
-3,126.11,"01"
-4,93.53,"01"
0,133.56,"01"
-2,105.99,"01"
-1,61.13,"01"
-3,142.36,"01"
-2,144.76,"01"
-6,28.52,"01"
-1,97.39,"01"
-3,81.07,"01"
-2,119.83,"01"
-4,197.4,"01"
-1,123.55,"01"
0,19.87,"01"
0,136.07,"01"
-4,89.88,"01"
-3,223.56,"01"
-4,113.7,"01"
-3,141.13,"01"
-3,191.12,"01"
-2,101.04,"01"
-5,90.91,"01"
-3,128.58,"01"
-3,183.54,"01"
-2,8.62,"01"
-3,109.8,"01"
-4,89.83,"01"
-2,197.36,"01"
0,38.65,"01"
-2,182.43,"01"
-2,149.89,"01"
-4,79.78,"01"
-4,129.88,"01"
-1,200.05,"01"
-1,147.36,"01"
-4,116.09,"01"
-1,28.6,"01"
-1,178.55,"01"
-1,139.79,"01"
-1,124.88,"01"
-2,128.57,"01"
-5,18.59,"01"
-3,71.03,"01"
-3,17.33,"01"
-2,17.27,"01"
-4,123.61,"01"
0,56.09,"01"
-1,51.06,"01"
-4,193.55,"01"
-3,17.3,"01"
0,129.91,"01"
-5,211.05,"01"
-2,33.58,"01"
-4,109.86,"01"
-3,122.32,"01"
-1,152.37,"01"
-4,61.14,"01"
-4,53.54,"01"
-4,143.64,"01"
0,127.33,"01"
-5,126.03,"01"
-3,74.9,"01"
-1,116.1,"01"
-1,135.75,"01"
-4,87.37,"01"
-1,128.59,"01"
-1,192.09,"01"
-4,18.6,"01"
-3,139.82,"01"
-2,106.09,"01"
-1,138.57,"01"
-1,199.84,"01"
-3,21.08,"01"
-4,132.27,"01"
-3,174.84,"01"
-3,129.85,"01"
-3,192.37,"01"
-1,27.34,"01"
-2,92.29,"01"
-2,58.62,"01"
-5,20.35,"01"
-1,199.95,"01"
-1,151.07,"01"
-3,199.88,"01"
-5,38.57,"01"
-6,13.55,"01"
-2,131.05,"01"
-1,14.86,"01"
-3,19.8,"01"
-3,17.32,"01"
-4,144.84,"01"
-4,129.83,"01"
-3,158.62,"01"
-4,106.03,"01"
0,171.03,"01"
-2,38.54,"01"
-2,21.17,"01"
-2,38.61,"01"
-3,149.76,"01"
-1,39.89,"01"
-2,68.59,"01"
-2,36.05,"01"
-3,47.4,"01"
-1,157.31,"01"
-3,121.05,"01"
0,32.28,"01"
-3,61.12,"01"
-2,16.11,"01"
-2,131.08,"01"
-1,37.34,"01"
-3,36.1,"01"
-3,38.6,"01"
-3,146.07,"01"
-2,21.14,"01"
-4,139.79,"01"
-4,144.81,"01"
0,27.92,"01"
-4,194.9,"01"
0,89.95,"01"
0,136.09,"01"
-1,89.86,"01"
-3,17.36,"01"
-1,133.6,"01"
-4,21.07,"01"
-2,8.57,"01"
-3,21.04,"01"
-4,201.07,"01"
-4,27.37,"01"
0,36.13,"01"
-1,218.61,"01"
-2,173.63,"01"
-6,158.5,"01"
-4,22.35,"01"
-4,79.85,"01"
-3,158.58,"01"
-1,143.65,"01"
-5,19.8,"01"
-2,209.88,"01"
-3,131.1,"01"
-3,113.55,"01"
-3,127.35,"01"
-4,182.33,"01"
-3,114.83,"01"
-4,46.08,"01"
-2,144.85,"01"
-3,131.07,"01"
-4,122.32,"01"
-4,124.84,"01"
-1,48.65,"01"
-3,19.83,"01"
-4,159.75,"01"
-1,121.07,"01"
-3,32.41,"01"
-2,21.1,"01"
-3,69.72,"01"
-4,136.05,"01"
-2,86.09,"01"
-3,61.06,"01"
0,131.08,"01"
-4,152.34,"01"
-2,84.79,"01"
-6,133.56,"01"
-5,101.14,"01"
0,98.63,"01"
-3,148.54,"01"
-2,147.61,"01"
-4,36.12,"01"
-4,53.61,"01"
-4,56.1,"01"
-2,227.39,"01"
-4,133.54,"01"
-2,37.37,"01"
-2,133.53,"01"
-3,191.1,"01"
-3,82.35,"01"
-4,192.38,"01"
0,83.6,"01"
-2,18.6,"01"
0,138.6,"01"
-1,128.57,"01"
-3,137.4,"01"
-3,67.38,"01"
-1,224.96,"01"
-2,128.63,"01"
-4,144.86,"01"
-2,81.13,"01"
-3,8.81,"01"
0,19.86,"01"
-2,121.07,"01"
-4,22.3,"01"
-3,136.09,"01"
-1,134.86,"01"
-2,16.07,"01"
-3,152.36,"01"
-3,112.35,"01"
-4,26.1,"01"
-3,42.3,"01"
0,173.46,"01"
-4,122.26,"01"
-3,9.83,"01"
-1,121.15,"01"
-1,127.28,"01"
0,44.84,"01"
-4,9.8,"01"
0,128.64,"01"
0,127.3,"01"
-5,98.61,"01"
-3,39.85,"01"
-4,22.33,"01"
0,68.55,"01"
-2,129.85,"01"
-1,131.06,"01"
-3,88.5,"01"
-2,113.54,"01"
-1,41.08,"01"
-3,8.65,"01"
-2,36.06,"01"
-3,38.57,"01"
-4,149.86,"01"
0,108.54,"01"
0,47.37,"01"
-5,127.32,"01"
0,112.29,"01"
-4,99.84,"01"
-3,191.11,"01"
-5,232.35,"01"
-3,129.84,"01"
-3,132.33,"01"
-1,89.92,"01"
-3,18.59,"01"
-4,29.87,"01"
-3,53.61,"01"
-3,133.57,"01"
-1,137.26,"01"
-3,86.07,"01"
0,32.3,"01"
-3,78.57,"01"
-3,101.04,"01"
-2,134.85,"01"
-1,197.44,"01"
-3,94.81,"01"
-3,147.33,"01"
-2,29.8,"01"
-1,27.38,"01"
-3,27.39,"01"
-3,57.32,"01"
-3,24.77,"01"
-4,134.82,"01"
-4,43.59,"01"
0,154.89,"01"
-3,122.38,"01"
0,161.18,"01"
-3,8.59,"01"
-2,178.56,"01"
-2,76.12,"01"
-5,124.87,"01"
-4,33.54,"01"
-1,202.38,"01"
-2,131.1,"01"
-3,77.38,"01"
-3,128.6,"01"
-3,217.1,"01"
-3,84.87,"01"
-4,92.28,"01"
0,129.86,"01"
-1,167.36,"01"
-6,214.88,"01"
-1,83.65,"01"
0,9.84,"01"
-4,92.41,"01"
-2,142.32,"01"
-3,191.05,"01"
0,37.32,"01"
0,137.34,"01"
-3,79.81,"01"
-1,21.09,"01"
-5,147.37,"01"
-1,164.88,"01"
0,132.35,"01"
0,137.33,"01"
0,92.27,"01"
-3,14.84,"01"
-5,21.04,"01"
-3,129.87,"01"
-1,92.37,"01"
-2,128.23,"01"
-5,178.59,"01"
-2,137.39,"01"
-3,24.81,"01"
-1,142.31,"01"
-2,128.58,"01"
-3,39.89,"01"
-2,73.5,"01"
-5,86.15,"01"
-6,72.29,"01"
-4,11.08,"01"
-3,21.03,"01"
-2,82.34,"01"
-1,232.33,"01"
-3,23.55,"01"
0,94.84,"01"
-4,48.51,"01"
-2,137.37,"01"
-1,202.37,"01"
-2,26.08,"01"
-4,191.09,"01"
-3,31.07,"01"
-1,197.37,"01"
-5,37.37,"01"
-3,59.86,"01"
0,83.56,"01"
-6,18.55,"01"
0,38.62,"01"
-1,47.35,"01"
-2,121.11,"01"
-1,32.24,"01"
-1,163.58,"01"
-3,28.88,"01"
-1,141.06,"01"
-3,54.83,"01"
0,84.82,"01"
-2,23.51,"01"
-2,202.37,"01"
-3,39.82,"01"
-1,144.81,"01"
