"mac_address",rasp,rx,"timestamp",sn
"84:8E:DF:BD:36:C5",1,-87,"10:43:41.353",2285
"84:8E:DF:BD:36:C5",1,-91,"10:44:01.893",2369
"84:8E:DF:BD:36:C5",1,-94,"10:44:01.898",2371
"84:8E:DF:BD:36:C5",1,-90,"10:44:42.815",2454
"84:8E:DF:BD:36:C5",1,-90,"10:46:44.357",2724
"C8:14:79:31:3C:2A",1,-57,"10:43:37.049",3649
"C8:14:79:31:3C:2A",1,-56,"10:43:52.942",151
"C8:14:79:31:3C:2A",1,-56,"10:44:23.043",152
"C8:14:79:31:3C:2A",1,-56,"10:44:32.421",3650
"C8:14:79:31:3C:2A",1,-57,"10:45:22.717",154
"C8:14:79:31:3C:2A",1,-56,"10:45:23.002",155
"C8:14:79:31:3C:2A",1,-59,"10:45:23.930",156
"C8:14:79:31:3C:2A",1,-58,"10:45:24.426",157
"C8:14:79:31:3C:2A",1,-58,"10:45:27.840",3651
"C8:14:79:31:3C:2A",1,-58,"10:45:53.707",158
"C8:14:79:31:3C:2A",1,-58,"10:46:07.086",159
"C8:14:79:31:3C:2A",1,-58,"10:46:07.230",160
"C8:14:79:31:3C:2A",1,-58,"10:46:07.518",162
"C8:14:79:31:3C:2A",1,-59,"10:46:08.127",163
"C8:14:79:31:3C:2A",1,-58,"10:46:22.882",164
"C8:14:79:31:3C:2A",1,-58,"10:46:23.228",3652
"C8:14:79:31:3C:2A",1,-58,"10:46:53.449",165
"C8:14:79:31:3C:2A",1,-58,"10:47:18.644",3653
"C8:14:79:31:3C:2A",1,-58,"10:47:26.024",166
"C8:14:79:31:3C:2A",1,-58,"10:47:26.778",167
"C8:14:79:31:3C:2A",1,-58,"10:47:27.136",169
"C8:14:79:31:3C:2A",1,-58,"10:48:14.033",3654
"C8:14:79:31:3C:2A",1,-58,"10:48:22.832",171
"C8:14:79:31:3C:2A",1,-57,"10:48:23.287",172
"10:2F:6B:4B:A4:10",1,-87,"10:44:25.028",1196
"84:11:9E:FD:16:B3",1,-54,"10:43:44.615",1900
"84:11:9E:FD:16:B3",1,-53,"10:43:45.268",1901
"84:11:9E:FD:16:B3",1,-54,"10:43:45.449",1902
"84:11:9E:FD:16:B3",1,-55,"10:44:14.625",1903
"84:11:9E:FD:16:B3",1,-54,"10:44:23.051",1904
"84:11:9E:FD:16:B3",1,-54,"10:44:23.112",1905
"84:11:9E:FD:16:B3",1,-54,"10:44:23.258",1906
"84:11:9E:FD:16:B3",1,-53,"10:44:32.743",1907
"84:11:9E:FD:16:B3",1,-53,"10:44:33.008",1908
"84:11:9E:FD:16:B3",1,-53,"10:44:44.626",1909
"84:11:9E:FD:16:B3",1,-65,"10:44:46.999",1910
"84:11:9E:FD:16:B3",1,-53,"10:44:47.209",1911
"84:11:9E:FD:16:B3",1,-53,"10:45:02.673",1912
"84:11:9E:FD:16:B3",1,-54,"10:45:02.796",1913
"84:11:9E:FD:16:B3",1,-54,"10:45:02.816",1914
"84:11:9E:FD:16:B3",1,-53,"10:45:02.877",1915
"84:11:9E:FD:16:B3",1,-53,"10:45:03.122",1916
"84:11:9E:FD:16:B3",1,-53,"10:45:03.428",1917
"84:11:9E:FD:16:B3",1,-66,"10:45:14.623",1918
"84:11:9E:FD:16:B3",1,-54,"10:45:23.003",1919
"84:11:9E:FD:16:B3",1,-53,"10:45:23.171",1920
"84:11:9E:FD:16:B3",1,-53,"10:45:45.884",1921
"84:11:9E:FD:16:B3",1,-54,"10:45:48.025",1925
"84:11:9E:FD:16:B3",1,-54,"10:46:14.639",1926
"84:11:9E:FD:16:B3",1,-54,"10:46:22.882",1927
"84:11:9E:FD:16:B3",1,-53,"10:46:23.079",1928
"84:11:9E:FD:16:B3",1,-54,"10:46:44.625",1929
"84:11:9E:FD:16:B3",1,-53,"10:46:46.070",1930
"84:11:9E:FD:16:B3",1,-53,"10:46:46.100",1931
"84:11:9E:FD:16:B3",1,-54,"10:47:04.328",1932
"84:11:9E:FD:16:B3",1,-64,"10:47:04.406",1933
"84:11:9E:FD:16:B3",1,-55,"10:47:04.534",1934
"84:11:9E:FD:16:B3",1,-54,"10:47:14.658",1935
"84:11:9E:FD:16:B3",1,-54,"10:47:30.724",1936
"84:11:9E:FD:16:B3",1,-66,"10:47:30.745",1937
"84:11:9E:FD:16:B3",1,-54,"10:47:30.991",1938
"84:11:9E:FD:16:B3",1,-54,"10:47:44.627",1939
"84:11:9E:FD:16:B3",1,-54,"10:47:45.828",1940
"84:11:9E:FD:16:B3",1,-54,"10:47:50.794",1942
"84:11:9E:FD:16:B3",1,-54,"10:47:50.796",1943
"84:11:9E:FD:16:B3",1,-54,"10:47:54.117",1944
"84:11:9E:FD:16:B3",1,-55,"10:47:54.375",1945
"84:11:9E:FD:16:B3",1,-53,"10:48:14.639",1946
"00:18:DE:00:DB:4E",1,-86,"10:45:41.199",1855
"00:18:DE:00:DB:4E",1,-83,"10:46:44.059",1891
"00:18:DE:00:DB:4E",1,-82,"10:47:46.995",1929
"00:18:DE:00:DB:4E",1,-85,"10:47:47.186",1931
"98:01:A7:B6:B2:BD",1,-41,"10:43:26.628",3522
"98:01:A7:B6:B2:BD",1,-41,"10:43:26.869",3524
"98:01:A7:B6:B2:BD",1,-41,"10:43:26.873",3528
"98:01:A7:B6:B2:BD",1,-38,"10:43:26.968",3530
"98:01:A7:B6:B2:BD",1,-41,"10:43:27.945",3547
"98:01:A7:B6:B2:BD",1,-41,"10:43:28.000",3555
"98:01:A7:B6:B2:BD",1,-40,"10:43:28.481",3557
"98:01:A7:B6:B2:BD",1,-42,"10:43:28.484",3563
"98:01:A7:B6:B2:BD",1,-41,"10:43:28.492",3573
"98:01:A7:B6:B2:BD",1,-42,"10:43:28.888",3808
"98:01:A7:B6:B2:BD",1,-44,"10:43:29.787",3577
"98:01:A7:B6:B2:BD",1,-42,"10:43:29.939",3579
"98:01:A7:B6:B2:BD",1,-40,"10:43:30.081",3581
"98:01:A7:B6:B2:BD",1,-43,"10:43:30.215",3582
"98:01:A7:B6:B2:BD",1,-40,"10:43:30.358",3584
"98:01:A7:B6:B2:BD",1,-38,"10:43:30.366",3587
"98:01:A7:B6:B2:BD",1,-38,"10:43:30.391",3589
"98:01:A7:B6:B2:BD",1,-36,"10:43:30.414",3591
"98:01:A7:B6:B2:BD",1,-37,"10:43:30.480",3592
"98:01:A7:B6:B2:BD",1,-39,"10:43:30.496",3593
"98:01:A7:B6:B2:BD",1,-40,"10:43:30.509",3594
"98:01:A7:B6:B2:BD",1,-40,"10:43:30.512",3595
"98:01:A7:B6:B2:BD",1,-42,"10:43:30.536",3597
"98:01:A7:B6:B2:BD",1,-44,"10:43:30.560",3598
"98:01:A7:B6:B2:BD",1,-43,"10:43:30.568",3599
"98:01:A7:B6:B2:BD",1,-39,"10:43:30.841",3810
"98:01:A7:B6:B2:BD",1,-43,"10:43:31.419",3601
"98:01:A7:B6:B2:BD",1,-44,"10:43:31.562",3603
"98:01:A7:B6:B2:BD",1,-44,"10:43:31.700",3604
"98:01:A7:B6:B2:BD",1,-44,"10:43:31.842",3606
"98:01:A7:B6:B2:BD",1,-43,"10:43:31.845",3607
"98:01:A7:B6:B2:BD",1,-42,"10:43:31.971",3610
"98:01:A7:B6:B2:BD",1,-43,"10:43:31.980",3611
"98:01:A7:B6:B2:BD",1,-43,"10:43:32.004",3612
"98:01:A7:B6:B2:BD",1,-43,"10:43:32.005",3613
"98:01:A7:B6:B2:BD",1,-43,"10:43:32.041",3615
"98:01:A7:B6:B2:BD",1,-42,"10:43:32.114",3616
"98:01:A7:B6:B2:BD",1,-43,"10:43:32.124",3617
"98:01:A7:B6:B2:BD",1,-42,"10:43:32.142",3619
"98:01:A7:B6:B2:BD",1,-43,"10:43:32.169",3621
"98:01:A7:B6:B2:BD",1,-45,"10:43:32.193",3623
"98:01:A7:B6:B2:BD",1,-43,"10:43:32.461",3812
"98:01:A7:B6:B2:BD",1,-42,"10:43:32.782",3625
"98:01:A7:B6:B2:BD",1,-44,"10:43:32.880",3626
"98:01:A7:B6:B2:BD",1,-43,"10:43:32.888",3627
"98:01:A7:B6:B2:BD",1,-42,"10:43:33.028",3628
"98:01:A7:B6:B2:BD",1,-43,"10:43:33.035",3629
"98:01:A7:B6:B2:BD",1,-44,"10:43:33.166",3630
"98:01:A7:B6:B2:BD",1,-43,"10:43:33.168",3631
"98:01:A7:B6:B2:BD",1,-44,"10:43:33.309",3635
"98:01:A7:B6:B2:BD",1,-43,"10:43:33.338",3637
"98:01:A7:B6:B2:BD",1,-43,"10:43:33.372",3639
"98:01:A7:B6:B2:BD",1,-44,"10:43:33.498",3643
"98:01:A7:B6:B2:BD",1,-42,"10:43:33.523",3646
"98:01:A7:B6:B2:BD",1,-44,"10:43:33.779",3649
"98:01:A7:B6:B2:BD",1,-44,"10:43:33.924",3651
"98:01:A7:B6:B2:BD",1,-43,"10:43:34.061",3652
"98:01:A7:B6:B2:BD",1,-43,"10:43:34.198",3655
"98:01:A7:B6:B2:BD",1,-44,"10:43:34.331",3656
"98:01:A7:B6:B2:BD",1,-43,"10:43:34.350",3658
"98:01:A7:B6:B2:BD",1,-43,"10:43:34.351",3659
"98:01:A7:B6:B2:BD",1,-43,"10:43:34.361",3661
"98:01:A7:B6:B2:BD",1,-45,"10:43:34.459",3664
"98:01:A7:B6:B2:BD",1,-43,"10:43:34.460",3665
"98:01:A7:B6:B2:BD",1,-43,"10:43:34.496",3667
"98:01:A7:B6:B2:BD",1,-43,"10:43:34.525",3669
"98:01:A7:B6:B2:BD",1,-43,"10:43:34.557",3671
"98:01:A7:B6:B2:BD",1,-43,"10:43:34.807",3673
"98:01:A7:B6:B2:BD",1,-44,"10:43:34.946",3675
"98:01:A7:B6:B2:BD",1,-44,"10:43:35.088",3676
"98:01:A7:B6:B2:BD",1,-43,"10:43:35.217",3679
"98:01:A7:B6:B2:BD",1,-44,"10:43:35.356",3680
"98:01:A7:B6:B2:BD",1,-44,"10:43:35.387",3685
"98:01:A7:B6:B2:BD",1,-44,"10:43:35.418",3687
"98:01:A7:B6:B2:BD",1,-44,"10:43:35.486",3636
"98:01:A7:B6:B2:BD",1,-43,"10:43:35.494",3637
"98:01:A7:B6:B2:BD",1,-43,"10:43:35.525",3690
"98:01:A7:B6:B2:BD",1,-43,"10:43:35.552",3691
"98:01:A7:B6:B2:BD",1,-43,"10:43:35.555",3692
"98:01:A7:B6:B2:BD",1,-44,"10:43:35.576",3693
"98:01:A7:B6:B2:BD",1,-44,"10:43:35.578",3694
"98:01:A7:B6:B2:BD",1,-43,"10:43:35.835",3696
"98:01:A7:B6:B2:BD",1,-44,"10:43:35.963",3697
"98:01:A7:B6:B2:BD",1,-44,"10:43:35.964",3698
"98:01:A7:B6:B2:BD",1,-44,"10:43:36.110",3699
"98:01:A7:B6:B2:BD",1,-43,"10:43:36.113",3700
"98:01:A7:B6:B2:BD",1,-43,"10:43:36.252",3702
"98:01:A7:B6:B2:BD",1,-44,"10:43:36.257",3703
"98:01:A7:B6:B2:BD",1,-43,"10:43:36.357",3704
"98:01:A7:B6:B2:BD",1,-44,"10:43:36.382",3705
"98:01:A7:B6:B2:BD",1,-44,"10:43:36.386",3706
"98:01:A7:B6:B2:BD",1,-43,"10:43:36.391",3707
"98:01:A7:B6:B2:BD",1,-44,"10:43:36.392",3708
"98:01:A7:B6:B2:BD",1,-44,"10:43:36.416",3710
"98:01:A7:B6:B2:BD",1,-43,"10:43:36.443",3712
"98:01:A7:B6:B2:BD",1,-43,"10:43:36.511",3713
"98:01:A7:B6:B2:BD",1,-43,"10:43:36.542",3716
"98:01:A7:B6:B2:BD",1,-44,"10:43:36.570",3718
"98:01:A7:B6:B2:BD",1,-43,"10:43:36.599",3719
"98:01:A7:B6:B2:BD",1,-44,"10:43:36.602",3720
"98:01:A7:B6:B2:BD",1,-43,"10:43:36.880",3814
"98:01:A7:B6:B2:BD",1,-44,"10:43:37.957",3725
"98:01:A7:B6:B2:BD",1,-43,"10:43:37.961",3726
"98:01:A7:B6:B2:BD",1,-43,"10:43:37.962",3728
"98:01:A7:B6:B2:BD",1,-44,"10:43:37.965",3730
"98:01:A7:B6:B2:BD",1,-44,"10:43:37.973",3740
"98:01:A7:B6:B2:BD",1,-44,"10:43:38.047",3741
"98:01:A7:B6:B2:BD",1,-42,"10:43:38.056",3639
"98:01:A7:B6:B2:BD",1,-44,"10:43:38.127",3747
"98:01:A7:B6:B2:BD",1,-43,"10:43:38.397",3816
"98:01:A7:B6:B2:BD",1,-43,"10:43:39.199",3817
"98:01:A7:B6:B2:BD",1,-44,"10:43:39.208",3749
"98:01:A7:B6:B2:BD",1,-44,"10:43:39.209",3750
"98:01:A7:B6:B2:BD",1,-43,"10:43:39.349",3752
"98:01:A7:B6:B2:BD",1,-43,"10:43:39.490",3754
"98:01:A7:B6:B2:BD",1,-44,"10:43:39.628",3755
"98:01:A7:B6:B2:BD",1,-43,"10:43:39.763",3760
"98:01:A7:B6:B2:BD",1,-44,"10:43:39.795",3761
"98:01:A7:B6:B2:BD",1,-43,"10:43:39.800",3762
"98:01:A7:B6:B2:BD",1,-44,"10:43:39.826",3764
"98:01:A7:B6:B2:BD",1,-43,"10:43:39.890",3765
"98:01:A7:B6:B2:BD",1,-43,"10:43:39.896",3640
"98:01:A7:B6:B2:BD",1,-43,"10:43:39.921",3767
"98:01:A7:B6:B2:BD",1,-43,"10:43:39.945",3769
"98:01:A7:B6:B2:BD",1,-43,"10:43:39.980",3771
"98:01:A7:B6:B2:BD",1,-43,"10:43:40.238",3773
"98:01:A7:B6:B2:BD",1,-43,"10:43:40.379",3774
"98:01:A7:B6:B2:BD",1,-44,"10:43:40.382",3775
"98:01:A7:B6:B2:BD",1,-44,"10:43:40.557",3777
"98:01:A7:B6:B2:BD",1,-43,"10:43:40.667",3779
"98:01:A7:B6:B2:BD",1,-43,"10:43:40.803",3783
"98:01:A7:B6:B2:BD",1,-43,"10:43:40.832",3785
"98:01:A7:B6:B2:BD",1,-43,"10:43:40.865",3787
"98:01:A7:B6:B2:BD",1,-43,"10:43:40.936",3788
"98:01:A7:B6:B2:BD",1,-43,"10:43:40.940",3641
"98:01:A7:B6:B2:BD",1,-44,"10:43:40.972",3789
"98:01:A7:B6:B2:BD",1,-43,"10:43:41.007",3792
"98:01:A7:B6:B2:BD",1,-43,"10:43:41.026",3794
"98:01:A7:B6:B2:BD",1,-43,"10:43:41.309",3818
"98:01:A7:B6:B2:BD",1,-43,"10:43:41.372",3796
"98:01:A7:B6:B2:BD",1,-43,"10:43:41.500",3797
"98:01:A7:B6:B2:BD",1,-50,"10:43:41.507",3798
"98:01:A7:B6:B2:BD",1,-54,"10:43:41.673",3800
"98:01:A7:B6:B2:BD",1,-43,"10:43:42.441",3816
"98:01:A7:B6:B2:BD",1,-44,"10:43:42.994",3822
"98:01:A7:B6:B2:BD",1,-43,"10:43:43.123",3823
"98:01:A7:B6:B2:BD",1,-44,"10:43:43.126",3824
"98:01:A7:B6:B2:BD",1,-43,"10:43:43.271",3826
"98:01:A7:B6:B2:BD",1,-44,"10:43:43.414",3828
"98:01:A7:B6:B2:BD",1,-43,"10:43:43.546",3830
"98:01:A7:B6:B2:BD",1,-43,"10:43:43.554",3832
"98:01:A7:B6:B2:BD",1,-44,"10:43:43.586",3834
"98:01:A7:B6:B2:BD",1,-43,"10:43:43.615",3836
"98:01:A7:B6:B2:BD",1,-44,"10:43:44.049",3822
"98:01:A7:B6:B2:BD",1,-43,"10:43:44.599",3823
"98:01:A7:B6:B2:BD",1,-67,"10:43:44.601",3845
"98:01:A7:B6:B2:BD",1,-43,"10:43:45.567",3824
"98:01:A7:B6:B2:BD",1,-44,"10:43:46.008",3825
"98:01:A7:B6:B2:BD",1,-42,"10:43:46.785",3892
"98:01:A7:B6:B2:BD",1,-43,"10:43:47.085",3826
"98:01:A7:B6:B2:BD",1,-43,"10:43:47.504",3827
"98:01:A7:B6:B2:BD",1,-43,"10:43:48.537",3828
"98:01:A7:B6:B2:BD",1,-43,"10:43:49.362",3829
"98:01:A7:B6:B2:BD",1,-43,"10:43:50.085",3941
"98:01:A7:B6:B2:BD",1,-44,"10:43:51.598",3831
"98:01:A7:B6:B2:BD",1,-43,"10:43:52.731",3832
"98:01:A7:B6:B2:BD",1,-43,"10:43:52.952",3833
"98:01:A7:B6:B2:BD",1,-44,"10:43:54.030",3834
"98:01:A7:B6:B2:BD",1,-44,"10:43:56.245",3836
"98:01:A7:B6:B2:BD",1,-43,"10:43:57.559",3837
"98:01:A7:B6:B2:BD",1,-43,"10:43:57.565",4024
"98:01:A7:B6:B2:BD",1,-43,"10:43:58.576",3838
"98:01:A7:B6:B2:BD",1,-43,"10:43:59.485",3839
"98:01:A7:B6:B2:BD",1,-44,"10:43:59.942",4062
"98:01:A7:B6:B2:BD",1,-44,"10:44:00.605",3840
"98:01:A7:B6:B2:BD",1,-43,"10:44:01.590",3841
"98:01:A7:B6:B2:BD",1,-44,"10:44:02.566",3842
"98:01:A7:B6:B2:BD",1,-43,"10:44:03.476",3843
"98:01:A7:B6:B2:BD",1,-43,"10:44:03.894",20
"98:01:A7:B6:B2:BD",1,-44,"10:44:05.377",55
"98:01:A7:B6:B2:BD",1,-43,"10:44:05.904",3844
"98:01:A7:B6:B2:BD",1,-44,"10:44:07.675",3845
"98:01:A7:B6:B2:BD",1,-44,"10:44:08.634",3149
"98:01:A7:B6:B2:BD",1,-43,"10:44:10.538",146
"98:01:A7:B6:B2:BD",1,-42,"10:44:12.584",193
"98:01:A7:B6:B2:BD",1,-43,"10:44:13.072",3846
"98:01:A7:B6:B2:BD",1,-44,"10:44:13.621",3847
"98:01:A7:B6:B2:BD",1,-43,"10:44:14.396",3848
"98:01:A7:B6:B2:BD",1,-43,"10:44:14.439",3849
"98:01:A7:B6:B2:BD",1,-43,"10:44:15.496",240
"98:01:A7:B6:B2:BD",1,-45,"10:44:15.620",3850
"98:01:A7:B6:B2:BD",1,-43,"10:44:16.359",3851
"98:01:A7:B6:B2:BD",1,-43,"10:44:17.392",3852
"98:01:A7:B6:B2:BD",1,-44,"10:44:18.127",3853
"98:01:A7:B6:B2:BD",1,-42,"10:44:18.936",277
"98:01:A7:B6:B2:BD",1,-43,"10:44:19.151",3854
"98:01:A7:B6:B2:BD",1,-43,"10:44:20.684",3855
"98:01:A7:B6:B2:BD",1,-44,"10:44:22.384",3856
"98:01:A7:B6:B2:BD",1,-43,"10:44:22.740",322
"98:01:A7:B6:B2:BD",1,-43,"10:44:23.528",3858
"98:01:A7:B6:B2:BD",1,-43,"10:44:23.770",369
"98:01:A7:B6:B2:BD",1,-43,"10:44:23.896",432
"98:01:A7:B6:B2:BD",1,-44,"10:44:24.187",458
"98:01:A7:B6:B2:BD",1,-43,"10:44:24.306",533
"98:01:A7:B6:B2:BD",1,-44,"10:44:24.484",597
"98:01:A7:B6:B2:BD",1,-43,"10:44:24.759",680
"98:01:A7:B6:B2:BD",1,-44,"10:44:25.273",3676
"98:01:A7:B6:B2:BD",1,-44,"10:44:25.527",3859
"98:01:A7:B6:B2:BD",1,-43,"10:44:25.802",3860
"98:01:A7:B6:B2:BD",1,-44,"10:44:26.728",730
"98:01:A7:B6:B2:BD",1,-44,"10:44:27.336",3861
"98:01:A7:B6:B2:BD",1,-44,"10:44:27.388",3862
"98:01:A7:B6:B2:BD",1,-44,"10:44:28.146",3863
"98:01:A7:B6:B2:BD",1,-43,"10:44:28.582",3864
"98:01:A7:B6:B2:BD",1,-44,"10:44:29.664",3865
"98:01:A7:B6:B2:BD",1,-44,"10:44:31.843",3866
"98:01:A7:B6:B2:BD",1,-44,"10:44:31.849",777
"98:01:A7:B6:B2:BD",1,-44,"10:44:34.697",827
"98:01:A7:B6:B2:BD",1,-44,"10:44:35.446",3869
"98:01:A7:B6:B2:BD",1,-44,"10:44:36.653",3870
"98:01:A7:B6:B2:BD",1,-43,"10:44:37.701",3871
"98:01:A7:B6:B2:BD",1,-43,"10:44:39.973",3872
"98:01:A7:B6:B2:BD",1,-44,"10:44:40.074",879
"98:01:A7:B6:B2:BD",1,-44,"10:44:41.802",3873
"98:01:A7:B6:B2:BD",1,-43,"10:44:42.806",3874
"98:01:A7:B6:B2:BD",1,-44,"10:44:44.194",3875
"98:01:A7:B6:B2:BD",1,-43,"10:44:45.512",3687
"98:01:A7:B6:B2:BD",1,-43,"10:44:46.507",3877
"98:01:A7:B6:B2:BD",1,-44,"10:44:46.685",3878
"98:01:A7:B6:B2:BD",1,-44,"10:44:47.689",998
"98:01:A7:B6:B2:BD",1,-43,"10:44:49.865",3880
"98:01:A7:B6:B2:BD",1,-45,"10:44:50.638",3882
"98:01:A7:B6:B2:BD",1,-44,"10:44:51.154",3883
"98:01:A7:B6:B2:BD",1,-43,"10:44:51.341",3884
"98:01:A7:B6:B2:BD",1,-43,"10:44:53.101",3885
"98:01:A7:B6:B2:BD",1,-43,"10:44:53.696",3887
"98:01:A7:B6:B2:BD",1,-44,"10:44:54.936",3889
"98:01:A7:B6:B2:BD",1,-43,"10:44:55.394",3890
"98:01:A7:B6:B2:BD",1,-44,"10:44:56.165",3892
"98:01:A7:B6:B2:BD",1,-44,"10:44:57.567",3895
"98:01:A7:B6:B2:BD",1,-43,"10:44:58.129",3896
"98:01:A7:B6:B2:BD",1,-43,"10:44:59.812",3897
"98:01:A7:B6:B2:BD",1,-43,"10:45:00.149",3898
"98:01:A7:B6:B2:BD",1,-43,"10:45:00.829",3899
"98:01:A7:B6:B2:BD",1,-44,"10:45:01.170",3900
"98:01:A7:B6:B2:BD",1,-43,"10:45:01.748",3901
"98:01:A7:B6:B2:BD",1,-44,"10:45:01.899",1110
"98:01:A7:B6:B2:BD",1,-43,"10:45:02.176",3902
"98:01:A7:B6:B2:BD",1,-43,"10:45:02.214",3903
"98:01:A7:B6:B2:BD",1,-43,"10:45:02.569",3905
"98:01:A7:B6:B2:BD",1,-43,"10:45:02.607",3906
"98:01:A7:B6:B2:BD",1,-44,"10:45:02.913",3907
"98:01:A7:B6:B2:BD",1,-44,"10:45:03.122",3908
"98:01:A7:B6:B2:BD",1,-43,"10:45:04.055",3909
"98:01:A7:B6:B2:BD",1,-44,"10:45:05.848",3910
"98:01:A7:B6:B2:BD",1,-43,"10:45:07.044",1170
"98:01:A7:B6:B2:BD",1,-44,"10:45:07.422",3911
"98:01:A7:B6:B2:BD",1,-43,"10:45:08.446",3912
"98:01:A7:B6:B2:BD",1,-44,"10:45:09.125",3913
"98:01:A7:B6:B2:BD",1,-44,"10:45:10.297",3915
"98:01:A7:B6:B2:BD",1,-44,"10:45:10.847",3916
"98:01:A7:B6:B2:BD",1,-43,"10:45:10.909",3917
"98:01:A7:B6:B2:BD",1,-44,"10:45:11.419",3918
"98:01:A7:B6:B2:BD",1,-43,"10:45:11.972",3919
"98:01:A7:B6:B2:BD",1,-43,"10:45:12.330",3920
"98:01:A7:B6:B2:BD",1,-44,"10:45:12.769",3921
"98:01:A7:B6:B2:BD",1,-43,"10:45:13.050",1233
"98:01:A7:B6:B2:BD",1,-43,"10:45:13.683",3922
"98:01:A7:B6:B2:BD",1,-43,"10:45:13.753",3923
"98:01:A7:B6:B2:BD",1,-45,"10:45:14.121",3924
"98:01:A7:B6:B2:BD",1,-43,"10:45:14.561",3925
"98:01:A7:B6:B2:BD",1,-43,"10:45:15.959",1269
"98:01:A7:B6:B2:BD",1,-44,"10:45:17.820",3928
"98:01:A7:B6:B2:BD",1,-45,"10:45:17.940",3929
"98:01:A7:B6:B2:BD",1,-43,"10:45:17.954",3930
"98:01:A7:B6:B2:BD",1,-43,"10:45:19.298",3931
"98:01:A7:B6:B2:BD",1,-43,"10:45:19.878",3932
"98:01:A7:B6:B2:BD",1,-45,"10:45:20.399",3933
"98:01:A7:B6:B2:BD",1,-43,"10:45:20.490",3934
"98:01:A7:B6:B2:BD",1,-43,"10:45:20.493",1317
"98:01:A7:B6:B2:BD",1,-43,"10:45:21.305",3935
"98:01:A7:B6:B2:BD",1,-44,"10:45:21.417",3936
"98:01:A7:B6:B2:BD",1,-43,"10:45:22.628",1357
"98:01:A7:B6:B2:BD",1,-44,"10:45:23.002",3938
"98:01:A7:B6:B2:BD",1,-43,"10:45:23.160",3939
"98:01:A7:B6:B2:BD",1,-43,"10:45:23.594",3940
"98:01:A7:B6:B2:BD",1,-44,"10:45:23.867",3941
"98:01:A7:B6:B2:BD",1,-43,"10:45:26.513",1706
"98:01:A7:B6:B2:BD",1,-44,"10:45:28.357",1759
"98:01:A7:B6:B2:BD",1,-44,"10:45:29.102",3942
"98:01:A7:B6:B2:BD",1,-44,"10:45:29.399",3943
"98:01:A7:B6:B2:BD",1,-43,"10:45:29.642",3944
"98:01:A7:B6:B2:BD",1,-43,"10:45:30.329",3945
"98:01:A7:B6:B2:BD",1,-43,"10:45:30.839",3946
"98:01:A7:B6:B2:BD",1,-44,"10:45:30.955",3947
"98:01:A7:B6:B2:BD",1,-44,"10:45:31.188",3948
"98:01:A7:B6:B2:BD",1,-43,"10:45:31.548",3949
"98:01:A7:B6:B2:BD",1,-43,"10:45:32.306",3950
"98:01:A7:B6:B2:BD",1,-43,"10:45:33.403",3951
"98:01:A7:B6:B2:BD",1,-42,"10:45:33.958",1807
"98:01:A7:B6:B2:BD",1,-43,"10:45:34.447",3952
"98:01:A7:B6:B2:BD",1,-44,"10:45:34.620",3953
"98:01:A7:B6:B2:BD",1,-44,"10:45:35.848",3954
"98:01:A7:B6:B2:BD",1,-43,"10:45:36.007",3955
"98:01:A7:B6:B2:BD",1,-43,"10:45:36.397",1849
"98:01:A7:B6:B2:BD",1,-44,"10:45:37.370",3956
"98:01:A7:B6:B2:BD",1,-43,"10:45:38.613",3957
"98:01:A7:B6:B2:BD",1,-43,"10:45:39.353",1892
"98:01:A7:B6:B2:BD",1,-44,"10:45:40.712",3958
"98:01:A7:B6:B2:BD",1,-44,"10:45:43.023",3959
"98:01:A7:B6:B2:BD",1,-43,"10:45:43.236",3960
"98:01:A7:B6:B2:BD",1,-43,"10:45:44.500",3961
"98:01:A7:B6:B2:BD",1,-43,"10:45:44.511",3962
"98:01:A7:B6:B2:BD",1,-42,"10:45:46.405",1962
"98:01:A7:B6:B2:BD",1,-43,"10:45:46.772",3963
"98:01:A7:B6:B2:BD",1,-43,"10:45:48.652",3964
"98:01:A7:B6:B2:BD",1,-43,"10:45:49.822",3771
"98:01:A7:B6:B2:BD",1,-44,"10:45:50.912",3782
"98:01:A7:B6:B2:BD",1,-43,"10:45:51.801",3965
"98:01:A7:B6:B2:BD",1,-44,"10:45:54.714",3967
"98:01:A7:B6:B2:BD",1,-45,"10:45:54.728",3968
"98:01:A7:B6:B2:BD",1,-44,"10:45:55.205",3970
"98:01:A7:B6:B2:BD",1,-44,"10:45:55.475",3971
"98:01:A7:B6:B2:BD",1,-44,"10:45:56.585",3972
"98:01:A7:B6:B2:BD",1,-44,"10:45:58.830",3974
"98:01:A7:B6:B2:BD",1,-43,"10:46:01.708",3977
"98:01:A7:B6:B2:BD",1,-51,"10:46:02.704",3978
"98:01:A7:B6:B2:BD",1,-43,"10:46:03.052",3979
"98:01:A7:B6:B2:BD",1,-43,"10:46:03.208",2173
"98:01:A7:B6:B2:BD",1,-45,"10:46:04.237",3980
"98:01:A7:B6:B2:BD",1,-43,"10:46:05.883",3981
"98:01:A7:B6:B2:BD",1,-44,"10:46:07.182",2226
"98:01:A7:B6:B2:BD",1,-43,"10:46:08.073",3982
"98:01:A7:B6:B2:BD",1,-44,"10:46:08.567",3983
"98:01:A7:B6:B2:BD",1,-44,"10:46:09.272",2274
"98:01:A7:B6:B2:BD",1,-43,"10:46:12.797",3985
"98:01:A7:B6:B2:BD",1,-44,"10:46:13.974",3986
"98:01:A7:B6:B2:BD",1,-43,"10:46:16.182",3987
"98:01:A7:B6:B2:BD",1,-44,"10:46:16.501",2377
"98:01:A7:B6:B2:BD",1,-43,"10:46:17.541",2408
"98:01:A7:B6:B2:BD",1,-43,"10:46:17.872",3988
"98:01:A7:B6:B2:BD",1,-43,"10:46:19.689",3989
"98:01:A7:B6:B2:BD",1,-43,"10:46:20.424",2437
"98:01:A7:B6:B2:BD",1,-43,"10:46:22.882",3990
"98:01:A7:B6:B2:BD",1,-44,"10:46:23.657",3991
"98:01:A7:B6:B2:BD",1,-43,"10:46:24.021",3992
"98:01:A7:B6:B2:BD",1,-44,"10:46:24.169",2551
"98:01:A7:B6:B2:BD",1,-44,"10:46:24.430",2608
"98:01:A7:B6:B2:BD",1,-43,"10:46:24.551",2673
"98:01:A7:B6:B2:BD",1,-43,"10:46:24.693",2743
"98:01:A7:B6:B2:BD",1,-43,"10:46:25.279",3993
"98:01:A7:B6:B2:BD",1,-44,"10:46:25.333",3994
"98:01:A7:B6:B2:BD",1,-43,"10:46:26.065",2868
"98:01:A7:B6:B2:BD",1,-43,"10:46:27.214",2897
"98:01:A7:B6:B2:BD",1,-42,"10:46:28.236",2925
"98:01:A7:B6:B2:BD",1,-43,"10:46:30.532",2971
"98:01:A7:B6:B2:BD",1,-43,"10:46:30.859",3995
"98:01:A7:B6:B2:BD",1,-44,"10:46:32.683",3996
"98:01:A7:B6:B2:BD",1,-43,"10:46:37.365",4001
"98:01:A7:B6:B2:BD",1,-43,"10:46:38.723",4002
"98:01:A7:B6:B2:BD",1,-44,"10:46:39.496",3082
"98:01:A7:B6:B2:BD",1,-44,"10:46:40.784",4003
"98:01:A7:B6:B2:BD",1,-44,"10:46:40.973",4004
"98:01:A7:B6:B2:BD",1,-43,"10:46:41.733",3128
"98:01:A7:B6:B2:BD",1,-43,"10:46:42.029",4005
"98:01:A7:B6:B2:BD",1,-43,"10:46:44.044",4006
"98:01:A7:B6:B2:BD",1,-44,"10:46:45.311",4007
"98:01:A7:B6:B2:BD",1,-44,"10:46:46.072",4008
"98:01:A7:B6:B2:BD",1,-44,"10:46:47.283",3181
"98:01:A7:B6:B2:BD",1,-44,"10:46:47.288",4009
"98:01:A7:B6:B2:BD",1,-44,"10:46:49.802",4011
"98:01:A7:B6:B2:BD",1,-44,"10:46:51.973",4012
"98:01:A7:B6:B2:BD",1,-44,"10:46:53.448",4014
"98:01:A7:B6:B2:BD",1,-44,"10:46:54.665",4015
"98:01:A7:B6:B2:BD",1,-43,"10:46:54.670",4016
"98:01:A7:B6:B2:BD",1,-43,"10:46:55.541",4017
"98:01:A7:B6:B2:BD",1,-44,"10:46:55.598",4018
"98:01:A7:B6:B2:BD",1,-45,"10:46:55.817",4019
"98:01:A7:B6:B2:BD",1,-44,"10:46:56.649",4020
"98:01:A7:B6:B2:BD",1,-44,"10:46:57.740",4021
"98:01:A7:B6:B2:BD",1,-44,"10:46:58.740",4022
"98:01:A7:B6:B2:BD",1,-43,"10:46:59.813",4023
"98:01:A7:B6:B2:BD",1,-44,"10:47:00.737",4024
"98:01:A7:B6:B2:BD",1,-44,"10:47:03.082",3397
"98:01:A7:B6:B2:BD",1,-45,"10:47:04.611",3438
"98:01:A7:B6:B2:BD",1,-44,"10:47:04.898",4025
"98:01:A7:B6:B2:BD",1,-44,"10:47:07.272",4026
"98:01:A7:B6:B2:BD",1,-43,"10:47:08.631",4028
"98:01:A7:B6:B2:BD",1,-44,"10:47:09.871",4029
"98:01:A7:B6:B2:BD",1,-43,"10:47:10.100",4030
"98:01:A7:B6:B2:BD",1,-44,"10:47:10.160",4031
"98:01:A7:B6:B2:BD",1,-43,"10:47:11.051",4032
"98:01:A7:B6:B2:BD",1,-44,"10:47:14.504",3534
"98:01:A7:B6:B2:BD",1,-44,"10:47:15.869",4035
"98:01:A7:B6:B2:BD",1,-43,"10:47:16.515",4036
"98:01:A7:B6:B2:BD",1,-43,"10:47:16.980",4037
"98:01:A7:B6:B2:BD",1,-43,"10:47:18.696",3603
"98:01:A7:B6:B2:BD",1,-43,"10:47:19.025",4038
"98:01:A7:B6:B2:BD",1,-44,"10:47:20.382",4039
"98:01:A7:B6:B2:BD",1,-43,"10:47:21.366",4040
"98:01:A7:B6:B2:BD",1,-43,"10:47:21.477",4041
"98:01:A7:B6:B2:BD",1,-44,"10:47:22.596",4042
"98:01:A7:B6:B2:BD",1,-43,"10:47:23.603",4043
"98:01:A7:B6:B2:BD",1,-44,"10:47:23.738",4044
"98:01:A7:B6:B2:BD",1,-44,"10:47:23.924",3743
"98:01:A7:B6:B2:BD",1,-44,"10:47:24.030",3814
"98:01:A7:B6:B2:BD",1,-43,"10:47:24.375",3897
"98:01:A7:B6:B2:BD",1,-44,"10:47:24.818",3983
"98:01:A7:B6:B2:BD",1,-42,"10:47:25.744",4014
"98:01:A7:B6:B2:BD",1,-45,"10:47:26.792",4045
"98:01:A7:B6:B2:BD",1,-43,"10:47:28.291",4046
"98:01:A7:B6:B2:BD",1,-44,"10:47:29.364",4047
"98:01:A7:B6:B2:BD",1,-42,"10:47:30.965",4048
"98:01:A7:B6:B2:BD",1,-43,"10:47:31.996",4049
"98:01:A7:B6:B2:BD",1,-45,"10:47:35.299",4056
"98:01:A7:B6:B2:BD",1,-42,"10:47:35.305",4065
"98:01:A7:B6:B2:BD",1,-47,"10:47:35.309",4081
"98:01:A7:B6:B2:BD",1,-53,"10:47:35.386",4089
"98:01:A7:B6:B2:BD",1,-42,"10:47:35.684",4095
"98:01:A7:B6:B2:BD",1,-44,"10:47:35.692",0
"98:01:A7:B6:B2:BD",1,-44,"10:47:35.793",1
"98:01:A7:B6:B2:BD",1,-43,"10:47:35.832",2
"98:01:A7:B6:B2:BD",1,-43,"10:47:36.062",5
"98:01:A7:B6:B2:BD",1,-43,"10:47:36.131",6
"98:01:A7:B6:B2:BD",1,-43,"10:47:36.403",9
"98:01:A7:B6:B2:BD",1,-44,"10:47:36.406",11
"98:01:A7:B6:B2:BD",1,-44,"10:47:36.448",12
"98:01:A7:B6:B2:BD",1,-44,"10:47:36.571",13
"98:01:A7:B6:B2:BD",1,-43,"10:47:36.629",14
"98:01:A7:B6:B2:BD",1,-44,"10:47:36.768",15
"98:01:A7:B6:B2:BD",1,-44,"10:47:36.813",16
"98:01:A7:B6:B2:BD",1,-43,"10:47:36.922",17
"98:01:A7:B6:B2:BD",1,-43,"10:47:36.967",18
"98:01:A7:B6:B2:BD",1,-45,"10:47:37.097",19
"98:01:A7:B6:B2:BD",1,-44,"10:47:37.923",23
"98:01:A7:B6:B2:BD",1,-57,"10:47:37.935",26
"98:01:A7:B6:B2:BD",1,-44,"10:47:37.964",29
"98:01:A7:B6:B2:BD",1,-43,"10:47:38.014",30
"98:01:A7:B6:B2:BD",1,-43,"10:47:38.145",31
"98:01:A7:B6:B2:BD",1,-44,"10:47:38.187",32
"98:01:A7:B6:B2:BD",1,-43,"10:47:38.314",33
"98:01:A7:B6:B2:BD",1,-44,"10:47:38.360",34
"98:01:A7:B6:B2:BD",1,-43,"10:47:38.488",35
"98:01:A7:B6:B2:BD",1,-43,"10:47:38.532",36
"98:01:A7:B6:B2:BD",1,-44,"10:47:38.654",37
"98:01:A7:B6:B2:BD",1,-43,"10:47:40.334",39
"98:01:A7:B6:B2:BD",1,-44,"10:47:41.506",40
"98:01:A7:B6:B2:BD",1,-43,"10:47:42.117",41
"98:01:A7:B6:B2:BD",1,-43,"10:47:43.208",42
"98:01:A7:B6:B2:BD",1,-44,"10:47:43.957",43
"98:01:A7:B6:B2:BD",1,-43,"10:47:45.046",44
"98:01:A7:B6:B2:BD",1,-44,"10:47:45.932",46
"98:01:A7:B6:B2:BD",1,-44,"10:47:46.509",47
"98:01:A7:B6:B2:BD",1,-44,"10:47:46.919",48
"98:01:A7:B6:B2:BD",1,-43,"10:47:48.260",49
"98:01:A7:B6:B2:BD",1,-44,"10:47:49.343",50
"98:01:A7:B6:B2:BD",1,-43,"10:47:50.796",51
"98:01:A7:B6:B2:BD",1,-44,"10:47:50.816",52
"98:01:A7:B6:B2:BD",1,-43,"10:47:51.381",53
"98:01:A7:B6:B2:BD",1,-44,"10:47:51.814",54
"98:01:A7:B6:B2:BD",1,-43,"10:47:54.709",57
"98:01:A7:B6:B2:BD",1,-43,"10:47:56.231",59
"98:01:A7:B6:B2:BD",1,-43,"10:47:57.398",60
"98:01:A7:B6:B2:BD",1,-43,"10:47:58.845",61
"98:01:A7:B6:B2:BD",1,-44,"10:47:59.779",62
"98:01:A7:B6:B2:BD",1,-43,"10:48:02.522",63
"98:01:A7:B6:B2:BD",1,-43,"10:48:03.058",65
"98:01:A7:B6:B2:BD",1,-44,"10:48:07.026",66
"98:01:A7:B6:B2:BD",1,-43,"10:48:07.518",67
"98:01:A7:B6:B2:BD",1,-43,"10:48:09.351",509
"98:01:A7:B6:B2:BD",1,-44,"10:48:09.717",68
"98:01:A7:B6:B2:BD",1,-44,"10:48:10.283",69
"98:01:A7:B6:B2:BD",1,-43,"10:48:11.983",70
"98:01:A7:B6:B2:BD",1,-43,"10:48:12.912",71
"98:01:A7:B6:B2:BD",1,-43,"10:48:13.740",72
"98:01:A7:B6:B2:BD",1,-45,"10:48:13.759",73
"98:01:A7:B6:B2:BD",1,-43,"10:48:17.316",642
"98:01:A7:B6:B2:BD",1,-43,"10:48:17.930",77
"98:01:A7:B6:B2:BD",1,-44,"10:48:20.916",78
"98:01:A7:B6:B2:BD",1,-44,"10:48:21.128",79
"98:01:A7:B6:B2:BD",1,-45,"10:48:23.306",80
"98:01:A7:B6:B2:BD",1,-44,"10:48:24.036",780
"98:01:A7:B6:B2:BD",1,-43,"10:48:24.240",1016
"98:01:A7:B6:B2:BD",1,-43,"10:48:24.434",1096
"98:01:A7:B6:B2:BD",1,-43,"10:48:25.040",1129
"D4:61:2E:E2:52:23",1,-96,"10:44:22.954",1967
"D4:61:2E:E2:52:23",1,-92,"10:48:17.929",2305
"D8:90:E8:29:AD:3F",1,-64,"10:43:26.628",2916
"D8:90:E8:29:AD:3F",1,-67,"10:43:26.868",2917
"D8:90:E8:29:AD:3F",1,-53,"10:43:38.389",2918
"D8:90:E8:29:AD:3F",1,-53,"10:43:45.581",2919
"D8:90:E8:29:AD:3F",1,-50,"10:43:45.591",2920
"D8:90:E8:29:AD:3F",1,-48,"10:43:45.636",2923
"D8:90:E8:29:AD:3F",1,-48,"10:43:45.642",2924
"D8:90:E8:29:AD:3F",1,-49,"10:43:45.657",2925
"D8:90:E8:29:AD:3F",1,-48,"10:43:45.683",2927
"D8:90:E8:29:AD:3F",1,-49,"10:43:45.690",2928
"D8:90:E8:29:AD:3F",1,-48,"10:43:45.706",2929
"D8:90:E8:29:AD:3F",1,-49,"10:43:45.716",2930
"D8:90:E8:29:AD:3F",1,-50,"10:43:45.731",2931
"D8:90:E8:29:AD:3F",1,-48,"10:43:45.743",2932
"D8:90:E8:29:AD:3F",1,-54,"10:43:45.757",2933
"D8:90:E8:29:AD:3F",1,-54,"10:43:52.960",245
"D8:90:E8:29:AD:3F",1,-53,"10:43:52.962",2935
"D8:90:E8:29:AD:3F",1,-53,"10:43:52.999",2936
"D8:90:E8:29:AD:3F",1,-52,"10:43:53.004",2937
"D8:90:E8:29:AD:3F",1,-52,"10:43:53.022",2938
"D8:90:E8:29:AD:3F",1,-52,"10:43:53.036",2939
"D8:90:E8:29:AD:3F",1,-50,"10:43:53.266",2953
"D8:90:E8:29:AD:3F",1,-55,"10:43:53.303",2957
"D8:90:E8:29:AD:3F",1,-54,"10:44:23.051",2958
"D8:90:E8:29:AD:3F",1,-53,"10:44:23.069",2959
"D8:90:E8:29:AD:3F",1,-53,"10:44:23.078",2960
"D8:90:E8:29:AD:3F",1,-53,"10:44:23.095",2961
"D8:90:E8:29:AD:3F",1,-53,"10:44:23.104",2962
"D8:90:E8:29:AD:3F",1,-53,"10:44:23.121",2963
"D8:90:E8:29:AD:3F",1,-53,"10:44:23.130",2964
"D8:90:E8:29:AD:3F",1,-53,"10:44:23.160",2966
"D8:90:E8:29:AD:3F",1,-53,"10:44:23.181",2967
"D8:90:E8:29:AD:3F",1,-53,"10:44:23.224",2968
"D8:90:E8:29:AD:3F",1,-52,"10:44:23.232",2969
"D8:90:E8:29:AD:3F",1,-53,"10:44:23.258",2970
"D8:90:E8:29:AD:3F",1,-53,"10:44:23.260",2972
"D8:90:E8:29:AD:3F",1,-48,"10:44:23.331",2974
"D8:90:E8:29:AD:3F",1,-55,"10:44:23.333",2975
"D8:90:E8:29:AD:3F",1,-55,"10:44:33.833",2976
"D8:90:E8:29:AD:3F",1,-54,"10:44:46.081",2977
"D8:90:E8:29:AD:3F",1,-48,"10:44:46.084",2978
"D8:90:E8:29:AD:3F",1,-48,"10:44:46.105",2979
"D8:90:E8:29:AD:3F",1,-48,"10:44:46.116",2980
"D8:90:E8:29:AD:3F",1,-48,"10:44:46.141",2982
"D8:90:E8:29:AD:3F",1,-50,"10:44:46.160",2983
"D8:90:E8:29:AD:3F",1,-48,"10:44:46.182",2986
"D8:90:E8:29:AD:3F",1,-50,"10:44:46.204",2988
"D8:90:E8:29:AD:3F",1,-50,"10:44:46.231",2990
"D8:90:E8:29:AD:3F",1,-50,"10:44:46.256",2992
"D8:90:E8:29:AD:3F",1,-49,"10:44:46.261",2993
"D8:90:E8:29:AD:3F",1,-55,"10:44:46.281",2994
"D8:90:E8:29:AD:3F",1,-54,"10:44:53.109",3013
"D8:90:E8:29:AD:3F",1,-55,"10:45:01.415",249
"D8:90:E8:29:AD:3F",1,-54,"10:45:01.458",250
"D8:90:E8:29:AD:3F",1,-54,"10:45:01.461",252
"D8:90:E8:29:AD:3F",1,-53,"10:45:01.466",3016
"D8:90:E8:29:AD:3F",1,-52,"10:45:01.481",3017
"D8:90:E8:29:AD:3F",1,-54,"10:45:01.489",255
"D8:90:E8:29:AD:3F",1,-52,"10:45:01.509",256
"D8:90:E8:29:AD:3F",1,-53,"10:45:01.517",3019
"D8:90:E8:29:AD:3F",1,-54,"10:45:01.532",257
"D8:90:E8:29:AD:3F",1,-53,"10:45:01.542",3021
"D8:90:E8:29:AD:3F",1,-47,"10:45:01.560",3022
"D8:90:E8:29:AD:3F",1,-53,"10:45:01.565",259
"D8:90:E8:29:AD:3F",1,-52,"10:45:01.570",3023
"D8:90:E8:29:AD:3F",1,-52,"10:45:01.588",260
"D8:90:E8:29:AD:3F",1,-53,"10:45:01.596",3024
"D8:90:E8:29:AD:3F",1,-52,"10:45:01.616",3025
"D8:90:E8:29:AD:3F",1,-53,"10:45:01.631",3026
"D8:90:E8:29:AD:3F",1,-53,"10:45:01.637",3027
"D8:90:E8:29:AD:3F",1,-52,"10:45:01.662",3028
"D8:90:E8:29:AD:3F",1,-53,"10:45:01.675",3029
"D8:90:E8:29:AD:3F",1,-52,"10:45:01.687",3030
"D8:90:E8:29:AD:3F",1,-49,"10:45:01.690",3031
"D8:90:E8:29:AD:3F",1,-53,"10:45:01.746",264
"D8:90:E8:29:AD:3F",1,-52,"10:45:01.748",265
"D8:90:E8:29:AD:3F",1,-53,"10:45:01.751",3033
"D8:90:E8:29:AD:3F",1,-52,"10:45:01.779",3035
"D8:90:E8:29:AD:3F",1,-52,"10:45:01.792",3036
"D8:90:E8:29:AD:3F",1,-53,"10:45:01.800",3037
"D8:90:E8:29:AD:3F",1,-53,"10:45:01.815",3038
"D8:90:E8:29:AD:3F",1,-52,"10:45:01.825",3039
"D8:90:E8:29:AD:3F",1,-52,"10:45:01.843",3040
"D8:90:E8:29:AD:3F",1,-52,"10:45:01.861",3041
"D8:90:E8:29:AD:3F",1,-52,"10:45:01.866",3042
"D8:90:E8:29:AD:3F",1,-52,"10:45:01.879",3043
"D8:90:E8:29:AD:3F",1,-53,"10:45:01.889",3044
"D8:90:E8:29:AD:3F",1,-53,"10:45:01.915",3046
"D8:90:E8:29:AD:3F",1,-53,"10:45:01.925",3047
"D8:90:E8:29:AD:3F",1,-47,"10:45:01.942",3048
"D8:90:E8:29:AD:3F",1,-52,"10:45:01.953",3049
"D8:90:E8:29:AD:3F",1,-53,"10:45:08.505",3050
"D8:90:E8:29:AD:3F",1,-53,"10:45:08.511",266
"D8:90:E8:29:AD:3F",1,-51,"10:45:08.516",3051
"D8:90:E8:29:AD:3F",1,-52,"10:45:08.528",3052
"D8:90:E8:29:AD:3F",1,-48,"10:45:08.559",3054
"D8:90:E8:29:AD:3F",1,-47,"10:45:08.564",3055
"D8:90:E8:29:AD:3F",1,-48,"10:45:08.582",3056
"D8:90:E8:29:AD:3F",1,-48,"10:45:08.592",3057
"D8:90:E8:29:AD:3F",1,-48,"10:45:08.628",3058
"D8:90:E8:29:AD:3F",1,-49,"10:45:08.656",3060
"D8:90:E8:29:AD:3F",1,-49,"10:45:08.686",3061
"D8:90:E8:29:AD:3F",1,-50,"10:45:08.694",3062
"D8:90:E8:29:AD:3F",1,-49,"10:45:08.709",3063
"D8:90:E8:29:AD:3F",1,-54,"10:45:08.737",3066
"D8:90:E8:29:AD:3F",1,-53,"10:45:23.002",267
"D8:90:E8:29:AD:3F",1,-54,"10:45:23.186",3068
"D8:90:E8:29:AD:3F",1,-53,"10:45:29.309",3069
"D8:90:E8:29:AD:3F",1,-55,"10:45:45.890",3085
"D8:90:E8:29:AD:3F",1,-54,"10:45:51.210",3086
"D8:90:E8:29:AD:3F",1,-53,"10:45:51.219",3087
"D8:90:E8:29:AD:3F",1,-52,"10:45:51.238",3088
"D8:90:E8:29:AD:3F",1,-52,"10:45:51.246",3089
"D8:90:E8:29:AD:3F",1,-53,"10:45:51.273",3090
"D8:90:E8:29:AD:3F",1,-49,"10:45:51.363",3092
"D8:90:E8:29:AD:3F",1,-47,"10:45:51.366",3094
"D8:90:E8:29:AD:3F",1,-47,"10:45:51.369",3096
"D8:90:E8:29:AD:3F",1,-47,"10:45:51.407",3099
"D8:90:E8:29:AD:3F",1,-50,"10:45:51.416",3100
"D8:90:E8:29:AD:3F",1,-54,"10:45:51.445",3101
"D8:90:E8:29:AD:3F",1,-54,"10:45:52.451",3102
"D8:90:E8:29:AD:3F",1,-53,"10:45:52.460",3103
"D8:90:E8:29:AD:3F",1,-53,"10:45:52.472",3104
"D8:90:E8:29:AD:3F",1,-53,"10:45:52.481",3105
"D8:90:E8:29:AD:3F",1,-53,"10:45:52.493",3106
"D8:90:E8:29:AD:3F",1,-52,"10:45:52.503",3107
"D8:90:E8:29:AD:3F",1,-47,"10:45:52.528",3108
"D8:90:E8:29:AD:3F",1,-47,"10:45:52.536",3109
"D8:90:E8:29:AD:3F",1,-53,"10:45:52.547",272
"D8:90:E8:29:AD:3F",1,-52,"10:45:52.553",3112
"D8:90:E8:29:AD:3F",1,-53,"10:45:52.566",3113
"D8:90:E8:29:AD:3F",1,-67,"10:45:52.569",3114
"D8:90:E8:29:AD:3F",1,-54,"10:45:52.583",3115
"D8:90:E8:29:AD:3F",1,-52,"10:45:52.591",3116
"D8:90:E8:29:AD:3F",1,-48,"10:45:52.605",3117
"D8:90:E8:29:AD:3F",1,-46,"10:45:52.622",3118
"D8:90:E8:29:AD:3F",1,-47,"10:45:52.638",3121
"D8:90:E8:29:AD:3F",1,-51,"10:45:52.675",3124
"D8:90:E8:29:AD:3F",1,-50,"10:45:52.677",3126
"D8:90:E8:29:AD:3F",1,-48,"10:45:52.688",3127
"D8:90:E8:29:AD:3F",1,-49,"10:45:52.697",3129
"D8:90:E8:29:AD:3F",1,-48,"10:45:52.708",3131
"D8:90:E8:29:AD:3F",1,-48,"10:45:52.716",3132
"D8:90:E8:29:AD:3F",1,-48,"10:45:52.724",3134
"D8:90:E8:29:AD:3F",1,-49,"10:45:52.754",3136
"D8:90:E8:29:AD:3F",1,-55,"10:45:52.760",3137
"D8:90:E8:29:AD:3F",1,-55,"10:45:55.206",3157
"D8:90:E8:29:AD:3F",1,-55,"10:45:56.245",3158
"D8:90:E8:29:AD:3F",1,-53,"10:45:56.257",3159
"D8:90:E8:29:AD:3F",1,-53,"10:45:56.278",3160
"D8:90:E8:29:AD:3F",1,-53,"10:45:56.293",3161
"D8:90:E8:29:AD:3F",1,-49,"10:45:56.302",3162
"D8:90:E8:29:AD:3F",1,-49,"10:45:56.329",3163
"D8:90:E8:29:AD:3F",1,-50,"10:45:56.358",3164
"D8:90:E8:29:AD:3F",1,-48,"10:45:56.386",3165
"D8:90:E8:29:AD:3F",1,-67,"10:45:56.391",3166
"D8:90:E8:29:AD:3F",1,-50,"10:45:56.413",3167
"D8:90:E8:29:AD:3F",1,-50,"10:45:56.432",3168
"D8:90:E8:29:AD:3F",1,-55,"10:45:56.471",3169
"D8:90:E8:29:AD:3F",1,-53,"10:46:00.910",3181
"D8:90:E8:29:AD:3F",1,-53,"10:46:00.914",3190
"D8:90:E8:29:AD:3F",1,-54,"10:46:00.918",3214
"D8:90:E8:29:AD:3F",1,-54,"10:46:03.500",3215
"D8:90:E8:29:AD:3F",1,-53,"10:46:03.514",3216
"D8:90:E8:29:AD:3F",1,-53,"10:46:03.522",3217
"D8:90:E8:29:AD:3F",1,-54,"10:46:03.550",278
"D8:90:E8:29:AD:3F",1,-54,"10:46:03.558",3218
"D8:90:E8:29:AD:3F",1,-53,"10:46:03.569",3219
"D8:90:E8:29:AD:3F",1,-52,"10:46:03.580",3220
"D8:90:E8:29:AD:3F",1,-53,"10:46:03.607",3221
"D8:90:E8:29:AD:3F",1,-52,"10:46:03.618",3222
"D8:90:E8:29:AD:3F",1,-52,"10:46:03.629",3223
"D8:90:E8:29:AD:3F",1,-53,"10:46:03.643",3224
"D8:90:E8:29:AD:3F",1,-47,"10:46:03.654",3225
"D8:90:E8:29:AD:3F",1,-50,"10:46:03.682",3227
"D8:90:E8:29:AD:3F",1,-49,"10:46:03.709",3229
"D8:90:E8:29:AD:3F",1,-48,"10:46:03.726",3232
"D8:90:E8:29:AD:3F",1,-56,"10:46:03.739",3234
"D8:90:E8:29:AD:3F",1,-54,"10:46:14.564",3235
"D8:90:E8:29:AD:3F",1,-54,"10:46:14.574",280
"D8:90:E8:29:AD:3F",1,-52,"10:46:14.581",3236
"D8:90:E8:29:AD:3F",1,-53,"10:46:14.602",3237
"D8:90:E8:29:AD:3F",1,-53,"10:46:14.625",3239
"D8:90:E8:29:AD:3F",1,-53,"10:46:14.639",3240
"D8:90:E8:29:AD:3F",1,-47,"10:46:14.649",3241
"D8:90:E8:29:AD:3F",1,-47,"10:46:14.659",3242
"D8:90:E8:29:AD:3F",1,-49,"10:46:14.672",3243
"D8:90:E8:29:AD:3F",1,-50,"10:46:15.388",3253
"D8:90:E8:29:AD:3F",1,-53,"10:46:22.885",3256
"D8:90:E8:29:AD:3F",1,-53,"10:46:22.891",3257
"D8:90:E8:29:AD:3F",1,-53,"10:46:22.894",3258
"D8:90:E8:29:AD:3F",1,-53,"10:46:22.914",3259
"D8:90:E8:29:AD:3F",1,-54,"10:46:22.920",3260
"D8:90:E8:29:AD:3F",1,-53,"10:46:22.938",3261
"D8:90:E8:29:AD:3F",1,-53,"10:46:22.950",3262
"D8:90:E8:29:AD:3F",1,-53,"10:46:22.964",3264
"D8:90:E8:29:AD:3F",1,-53,"10:46:22.967",3265
"D8:90:E8:29:AD:3F",1,-53,"10:46:22.979",3266
"D8:90:E8:29:AD:3F",1,-53,"10:46:22.982",3268
"D8:90:E8:29:AD:3F",1,-52,"10:46:22.985",3269
"D8:90:E8:29:AD:3F",1,-49,"10:46:23.002",3270
"D8:90:E8:29:AD:3F",1,-47,"10:46:23.038",3272
"D8:90:E8:29:AD:3F",1,-47,"10:46:23.044",3273
"D8:90:E8:29:AD:3F",1,-50,"10:46:23.067",3275
"D8:90:E8:29:AD:3F",1,-50,"10:46:23.087",3277
"D8:90:E8:29:AD:3F",1,-55,"10:46:23.101",3278
"D8:90:E8:29:AD:3F",1,-54,"10:46:24.737",3279
"D8:90:E8:29:AD:3F",1,-54,"10:46:46.070",3280
"D8:90:E8:29:AD:3F",1,-54,"10:46:46.100",3281
"D8:90:E8:29:AD:3F",1,-54,"10:47:20.191",3282
"D8:90:E8:29:AD:3F",1,-49,"10:47:45.200",3284
"D8:90:E8:29:AD:3F",1,-48,"10:47:45.216",3285
"D8:90:E8:29:AD:3F",1,-49,"10:47:45.243",3286
"D8:90:E8:29:AD:3F",1,-48,"10:47:45.254",3287
"D8:90:E8:29:AD:3F",1,-48,"10:47:45.272",3288
"D8:90:E8:29:AD:3F",1,-51,"10:47:45.294",3290
"D8:90:E8:29:AD:3F",1,-50,"10:47:45.307",3292
"D8:90:E8:29:AD:3F",1,-49,"10:47:45.320",3294
"D8:90:E8:29:AD:3F",1,-49,"10:47:45.331",3296
"D8:90:E8:29:AD:3F",1,-50,"10:47:45.333",3297
"D8:90:E8:29:AD:3F",1,-55,"10:47:45.414",3298
"D8:90:E8:29:AD:3F",1,-55,"10:48:16.838",3317
"D8:90:E8:29:AD:3F",1,-54,"10:48:23.276",3320
"D8:90:E8:29:AD:3F",1,-48,"10:48:23.287",3324
"D8:90:E8:29:AD:3F",1,-48,"10:48:23.295",3339
"C4:43:8F:B3:0A:F7",1,-50,"10:43:45.248",606
"C4:43:8F:B3:0A:F7",1,-50,"10:44:23.029",607
"C4:43:8F:B3:0A:F7",1,-54,"10:44:23.071",971
"C4:43:8F:B3:0A:F7",1,-49,"10:44:45.512",608
"C4:43:8F:B3:0A:F7",1,-53,"10:45:11.489",973
"C4:43:8F:B3:0A:F7",1,-49,"10:45:11.576",609
"C4:43:8F:B3:0A:F7",1,-53,"10:45:11.591",974
"C4:43:8F:B3:0A:F7",1,-53,"10:45:23.002",975
"C4:43:8F:B3:0A:F7",1,-53,"10:45:53.706",976
"C4:43:8F:B3:0A:F7",1,-53,"10:46:22.891",977
"C4:43:8F:B3:0A:F7",1,-53,"10:47:23.186",978
"C4:43:8F:B3:0A:F7",1,-51,"10:47:45.203",613
"C4:43:8F:B3:0A:F7",1,-53,"10:48:11.989",981
"C4:43:8F:B3:0A:F7",1,-54,"10:48:17.309",982
"C4:43:8F:B3:0A:F7",1,-50,"10:48:17.319",615
"C4:43:8F:B3:0A:F7",1,-53,"10:48:17.930",983
"C4:43:8F:B3:0A:F7",1,-53,"10:48:23.275",984
"A4:F1:E8:A9:DB:61",1,-66,"10:43:45.176",2139
"A4:F1:E8:A9:DB:61",1,-64,"10:43:45.756",2140
"A4:F1:E8:A9:DB:61",1,-64,"10:43:45.798",3381
"A4:F1:E8:A9:DB:61",1,-64,"10:43:45.800",2141
"A4:F1:E8:A9:DB:61",1,-63,"10:43:45.836",3383
"A4:F1:E8:A9:DB:61",1,-63,"10:43:45.852",3386
"A4:F1:E8:A9:DB:61",1,-63,"10:43:45.862",3388
"A4:F1:E8:A9:DB:61",1,-63,"10:43:45.868",3389
"A4:F1:E8:A9:DB:61",1,-62,"10:43:45.876",3394
"A4:F1:E8:A9:DB:61",1,-64,"10:43:45.878",3400
"A4:F1:E8:A9:DB:61",1,-63,"10:43:45.888",3402
"A4:F1:E8:A9:DB:61",1,-63,"10:43:45.903",3406
"A4:F1:E8:A9:DB:61",1,-62,"10:43:46.108",2143
"A4:F1:E8:A9:DB:61",1,-61,"10:43:46.185",2145
"A4:F1:E8:A9:DB:61",1,-61,"10:43:46.579",3409
"A4:F1:E8:A9:DB:61",1,-61,"10:43:46.702",2147
"A4:F1:E8:A9:DB:61",1,-62,"10:43:46.728",2148
"A4:F1:E8:A9:DB:61",1,-72,"10:43:46.786",2149
"A4:F1:E8:A9:DB:61",1,-65,"10:43:49.489",2150
"A4:F1:E8:A9:DB:61",1,-64,"10:43:49.513",3410
"A4:F1:E8:A9:DB:61",1,-67,"10:43:49.533",3412
"A4:F1:E8:A9:DB:61",1,-67,"10:43:49.626",3419
"A4:F1:E8:A9:DB:61",1,-67,"10:43:49.695",3420
"A4:F1:E8:A9:DB:61",1,-67,"10:43:49.710",2151
"A4:F1:E8:A9:DB:61",1,-66,"10:43:49.754",3423
"A4:F1:E8:A9:DB:61",1,-70,"10:43:49.942",2153
"A4:F1:E8:A9:DB:61",1,-69,"10:43:52.849",2155
"A4:F1:E8:A9:DB:61",1,-79,"10:43:52.858",2156
"A4:F1:E8:A9:DB:61",1,-69,"10:43:52.864",2157
"A4:F1:E8:A9:DB:61",1,-63,"10:43:52.907",2160
"A4:F1:E8:A9:DB:61",1,-80,"10:43:52.913",2161
"A4:F1:E8:A9:DB:61",1,-70,"10:43:53.266",2188
"A4:F1:E8:A9:DB:61",1,-70,"10:43:53.293",2189
"A4:F1:E8:A9:DB:61",1,-68,"10:43:53.438",2202
"A4:F1:E8:A9:DB:61",1,-68,"10:43:53.491",2203
"A4:F1:E8:A9:DB:61",1,-71,"10:43:53.845",2209
"A4:F1:E8:A9:DB:61",1,-68,"10:43:53.873",2210
"A4:F1:E8:A9:DB:61",1,-68,"10:43:53.912",2211
"A4:F1:E8:A9:DB:61",1,-68,"10:43:54.051",2212
"A4:F1:E8:A9:DB:61",1,-67,"10:43:54.091",2213
"A4:F1:E8:A9:DB:61",1,-68,"10:43:54.374",2222
"A4:F1:E8:A9:DB:61",1,-68,"10:43:54.398",2223
"A4:F1:E8:A9:DB:61",1,-67,"10:43:54.532",2224
"A4:F1:E8:A9:DB:61",1,-65,"10:43:54.712",3425
"A4:F1:E8:A9:DB:61",1,-65,"10:43:54.714",3427
"A4:F1:E8:A9:DB:61",1,-66,"10:43:54.754",2227
"A4:F1:E8:A9:DB:61",1,-70,"10:43:54.885",2228
"A4:F1:E8:A9:DB:61",1,-71,"10:43:55.104",2231
"A4:F1:E8:A9:DB:61",1,-68,"10:43:55.243",2233
"A4:F1:E8:A9:DB:61",1,-68,"10:43:55.293",2234
"A4:F1:E8:A9:DB:61",1,-65,"10:43:55.461",2235
"A4:F1:E8:A9:DB:61",1,-65,"10:43:55.482",2236
"A4:F1:E8:A9:DB:61",1,-64,"10:43:55.603",2237
"A4:F1:E8:A9:DB:61",1,-65,"10:43:55.784",2239
"A4:F1:E8:A9:DB:61",1,-69,"10:43:55.841",2240
"A4:F1:E8:A9:DB:61",1,-64,"10:43:55.953",2241
"A4:F1:E8:A9:DB:61",1,-65,"10:43:56.003",2242
"A4:F1:E8:A9:DB:61",1,-65,"10:43:56.132",2243
"A4:F1:E8:A9:DB:61",1,-69,"10:43:56.176",2244
"A4:F1:E8:A9:DB:61",1,-64,"10:43:56.306",2245
"A4:F1:E8:A9:DB:61",1,-70,"10:43:56.316",2246
"A4:F1:E8:A9:DB:61",1,-72,"10:43:56.484",2249
"A4:F1:E8:A9:DB:61",1,-65,"10:43:56.625",2250
"A4:F1:E8:A9:DB:61",1,-71,"10:43:56.695",2251
"A4:F1:E8:A9:DB:61",1,-72,"10:43:57.017",3430
"A4:F1:E8:A9:DB:61",1,-71,"10:43:57.127",3431
"A4:F1:E8:A9:DB:61",1,-65,"10:43:57.238",3432
"A4:F1:E8:A9:DB:61",1,-65,"10:43:57.240",3433
"A4:F1:E8:A9:DB:61",1,-64,"10:43:57.355",3434
"A4:F1:E8:A9:DB:61",1,-64,"10:43:57.361",3435
"A4:F1:E8:A9:DB:61",1,-64,"10:43:57.519",2254
"A4:F1:E8:A9:DB:61",1,-64,"10:43:57.555",2255
"A4:F1:E8:A9:DB:61",1,-63,"10:43:57.586",2256
"A4:F1:E8:A9:DB:61",1,-64,"10:43:59.486",2257
"A4:F1:E8:A9:DB:61",1,-64,"10:43:59.509",3437
"A4:F1:E8:A9:DB:61",1,-64,"10:43:59.513",3438
"A4:F1:E8:A9:DB:61",1,-64,"10:43:59.547",3440
"A4:F1:E8:A9:DB:61",1,-64,"10:43:59.575",3443
"A4:F1:E8:A9:DB:61",1,-64,"10:43:59.585",3444
"A4:F1:E8:A9:DB:61",1,-65,"10:43:59.621",2258
"A4:F1:E8:A9:DB:61",1,-65,"10:43:59.638",3445
"A4:F1:E8:A9:DB:61",1,-65,"10:43:59.860",2259
"A4:F1:E8:A9:DB:61",1,-63,"10:44:02.044",2260
"A4:F1:E8:A9:DB:61",1,-63,"10:44:02.046",3447
"A4:F1:E8:A9:DB:61",1,-63,"10:44:02.048",3452
"A4:F1:E8:A9:DB:61",1,-63,"10:44:02.050",3454
"A4:F1:E8:A9:DB:61",1,-63,"10:44:02.066",3455
"A4:F1:E8:A9:DB:61",1,-63,"10:44:02.240",3457
"A4:F1:E8:A9:DB:61",1,-62,"10:44:02.277",3469
"A4:F1:E8:A9:DB:61",1,-63,"10:44:02.280",3471
"A4:F1:E8:A9:DB:61",1,-63,"10:44:02.447",3478
"A4:F1:E8:A9:DB:61",1,-64,"10:44:02.449",3481
"A4:F1:E8:A9:DB:61",1,-65,"10:44:02.611",2261
"A4:F1:E8:A9:DB:61",1,-66,"10:44:02.644",2262
"A4:F1:E8:A9:DB:61",1,-66,"10:44:02.662",2263
"A4:F1:E8:A9:DB:61",1,-70,"10:44:09.118",2265
"A4:F1:E8:A9:DB:61",1,-70,"10:44:09.137",2267
"A4:F1:E8:A9:DB:61",1,-70,"10:44:09.173",2270
"A4:F1:E8:A9:DB:61",1,-63,"10:44:09.191",2273
"A4:F1:E8:A9:DB:61",1,-63,"10:44:09.333",2282
"A4:F1:E8:A9:DB:61",1,-64,"10:44:09.377",2283
"A4:F1:E8:A9:DB:61",1,-70,"10:44:09.536",2294
"A4:F1:E8:A9:DB:61",1,-70,"10:44:09.567",2295
"A4:F1:E8:A9:DB:61",1,-71,"10:44:09.708",2306
"A4:F1:E8:A9:DB:61",1,-70,"10:44:09.744",2307
"A4:F1:E8:A9:DB:61",1,-69,"10:44:09.790",2310
"A4:F1:E8:A9:DB:61",1,-69,"10:44:09.837",2311
"A4:F1:E8:A9:DB:61",1,-63,"10:44:09.975",2312
"A4:F1:E8:A9:DB:61",1,-69,"10:44:10.022",2313
"A4:F1:E8:A9:DB:61",1,-70,"10:44:10.152",2314
"A4:F1:E8:A9:DB:61",1,-70,"10:44:10.192",2315
"A4:F1:E8:A9:DB:61",1,-70,"10:44:10.322",2316
"A4:F1:E8:A9:DB:61",1,-70,"10:44:10.366",2317
"A4:F1:E8:A9:DB:61",1,-64,"10:44:10.497",2318
"A4:F1:E8:A9:DB:61",1,-70,"10:44:10.545",2319
"A4:F1:E8:A9:DB:61",1,-71,"10:44:10.636",2326
"A4:F1:E8:A9:DB:61",1,-66,"10:44:10.687",2327
"A4:F1:E8:A9:DB:61",1,-64,"10:44:10.813",2328
"A4:F1:E8:A9:DB:61",1,-65,"10:44:10.986",2330
"A4:F1:E8:A9:DB:61",1,-69,"10:44:11.035",2331
"A4:F1:E8:A9:DB:61",1,-69,"10:44:11.170",2332
"A4:F1:E8:A9:DB:61",1,-69,"10:44:11.218",2333
"A4:F1:E8:A9:DB:61",1,-72,"10:44:11.343",2334
"A4:F1:E8:A9:DB:61",1,-70,"10:44:11.390",2335
"A4:F1:E8:A9:DB:61",1,-70,"10:44:11.522",2336
"A4:F1:E8:A9:DB:61",1,-70,"10:44:11.568",2337
"A4:F1:E8:A9:DB:61",1,-65,"10:44:11.702",2338
"A4:F1:E8:A9:DB:61",1,-69,"10:44:11.746",2339
"A4:F1:E8:A9:DB:61",1,-71,"10:44:11.881",2340
"A4:F1:E8:A9:DB:61",1,-70,"10:44:12.097",2343
"A4:F1:E8:A9:DB:61",1,-75,"10:44:12.237",2344
"A4:F1:E8:A9:DB:61",1,-70,"10:44:12.280",2345
"A4:F1:E8:A9:DB:61",1,-64,"10:44:12.412",2346
"A4:F1:E8:A9:DB:61",1,-71,"10:44:12.458",2347
"A4:F1:E8:A9:DB:61",1,-69,"10:44:12.582",2348
"A4:F1:E8:A9:DB:61",1,-69,"10:44:13.052",2349
"A4:F1:E8:A9:DB:61",1,-65,"10:44:13.063",2350
"A4:F1:E8:A9:DB:61",1,-70,"10:44:15.538",2354
"A4:F1:E8:A9:DB:61",1,-71,"10:44:15.547",3482
"A4:F1:E8:A9:DB:61",1,-70,"10:44:15.672",3483
"A4:F1:E8:A9:DB:61",1,-66,"10:44:15.807",2355
"A4:F1:E8:A9:DB:61",1,-71,"10:44:15.838",2356
"A4:F1:E8:A9:DB:61",1,-71,"10:44:15.874",2357
"A4:F1:E8:A9:DB:61",1,-68,"10:44:16.320",2358
"A4:F1:E8:A9:DB:61",1,-68,"10:44:16.336",3485
"A4:F1:E8:A9:DB:61",1,-69,"10:44:16.408",2359
"A4:F1:E8:A9:DB:61",1,-70,"10:44:16.440",2360
"A4:F1:E8:A9:DB:61",1,-69,"10:44:16.548",2361
"A4:F1:E8:A9:DB:61",1,-69,"10:44:17.212",3497
"A4:F1:E8:A9:DB:61",1,-70,"10:44:17.216",3498
"A4:F1:E8:A9:DB:61",1,-69,"10:44:17.307",2363
"A4:F1:E8:A9:DB:61",1,-69,"10:44:17.337",2364
"A4:F1:E8:A9:DB:61",1,-71,"10:44:22.439",3502
"A4:F1:E8:A9:DB:61",1,-71,"10:44:22.443",3503
"A4:F1:E8:A9:DB:61",1,-71,"10:44:22.741",2367
"A4:F1:E8:A9:DB:61",1,-64,"10:44:23.054",2368
"A4:F1:E8:A9:DB:61",1,-64,"10:44:23.258",2369
"A4:F1:E8:A9:DB:61",1,-65,"10:44:24.577",3508
"A4:F1:E8:A9:DB:61",1,-71,"10:44:24.788",2371
"A4:F1:E8:A9:DB:61",1,-71,"10:44:25.694",2372
"A4:F1:E8:A9:DB:61",1,-70,"10:44:25.703",2373
"A4:F1:E8:A9:DB:61",1,-71,"10:44:25.731",3510
"A4:F1:E8:A9:DB:61",1,-71,"10:44:25.944",2374
"A4:F1:E8:A9:DB:61",1,-65,"10:44:27.339",2375
"A4:F1:E8:A9:DB:61",1,-65,"10:44:27.344",3513
"A4:F1:E8:A9:DB:61",1,-65,"10:44:27.347",3514
"A4:F1:E8:A9:DB:61",1,-63,"10:44:27.583",2376
"A4:F1:E8:A9:DB:61",1,-64,"10:44:40.865",2378
"A4:F1:E8:A9:DB:61",1,-74,"10:44:41.803",2380
"A4:F1:E8:A9:DB:61",1,-67,"10:44:42.819",2382
"A4:F1:E8:A9:DB:61",1,-66,"10:44:42.833",2383
"A4:F1:E8:A9:DB:61",1,-63,"10:44:42.923",2385
"A4:F1:E8:A9:DB:61",1,-68,"10:44:43.961",3516
"A4:F1:E8:A9:DB:61",1,-67,"10:44:43.974",3517
"A4:F1:E8:A9:DB:61",1,-67,"10:44:44.013",2387
"A4:F1:E8:A9:DB:61",1,-68,"10:44:44.195",2389
"A4:F1:E8:A9:DB:61",1,-61,"10:44:44.469",3521
"A4:F1:E8:A9:DB:61",1,-61,"10:44:44.624",3522
"A4:F1:E8:A9:DB:61",1,-59,"10:44:44.637",2392
"A4:F1:E8:A9:DB:61",1,-61,"10:44:44.642",3523
"A4:F1:E8:A9:DB:61",1,-61,"10:44:44.644",3524
"A4:F1:E8:A9:DB:61",1,-61,"10:44:44.667",3525
"A4:F1:E8:A9:DB:61",1,-61,"10:44:44.719",3526
"A4:F1:E8:A9:DB:61",1,-61,"10:44:44.766",3528
"A4:F1:E8:A9:DB:61",1,-61,"10:44:44.813",3529
"A4:F1:E8:A9:DB:61",1,-61,"10:44:44.912",2393
"A4:F1:E8:A9:DB:61",1,-61,"10:44:44.939",2394
"A4:F1:E8:A9:DB:61",1,-61,"10:44:44.949",3530
"A4:F1:E8:A9:DB:61",1,-60,"10:44:44.972",3532
"A4:F1:E8:A9:DB:61",1,-61,"10:44:45.194",2395
"A4:F1:E8:A9:DB:61",1,-63,"10:44:45.590",215
"A4:F1:E8:A9:DB:61",1,-63,"10:44:45.618",3533
"A4:F1:E8:A9:DB:61",1,-64,"10:44:45.629",3534
"A4:F1:E8:A9:DB:61",1,-64,"10:44:45.634",3535
"A4:F1:E8:A9:DB:61",1,-64,"10:44:45.644",3536
"A4:F1:E8:A9:DB:61",1,-63,"10:44:45.647",3537
"A4:F1:E8:A9:DB:61",1,-63,"10:44:45.652",3538
"A4:F1:E8:A9:DB:61",1,-63,"10:44:45.654",3540
"A4:F1:E8:A9:DB:61",1,-63,"10:44:45.662",3541
"A4:F1:E8:A9:DB:61",1,-64,"10:44:45.708",3542
"A4:F1:E8:A9:DB:61",1,-64,"10:44:45.777",3545
"A4:F1:E8:A9:DB:61",1,-63,"10:44:45.782",3546
"A4:F1:E8:A9:DB:61",1,-63,"10:44:45.808",2397
"A4:F1:E8:A9:DB:61",1,-63,"10:44:45.994",2398
"A4:F1:E8:A9:DB:61",1,-63,"10:44:46.902",2399
"A4:F1:E8:A9:DB:61",1,-64,"10:44:46.907",3548
"A4:F1:E8:A9:DB:61",1,-62,"10:44:46.920",3554
"A4:F1:E8:A9:DB:61",1,-63,"10:44:47.002",3556
"A4:F1:E8:A9:DB:61",1,-63,"10:44:47.074",3569
"A4:F1:E8:A9:DB:61",1,-63,"10:44:47.091",3574
"A4:F1:E8:A9:DB:61",1,-64,"10:44:47.094",3581
"A4:F1:E8:A9:DB:61",1,-64,"10:44:47.104",3583
"A4:F1:E8:A9:DB:61",1,-63,"10:44:47.106",3584
"A4:F1:E8:A9:DB:61",1,-63,"10:44:47.124",3586
"A4:F1:E8:A9:DB:61",1,-63,"10:44:47.131",218
"A4:F1:E8:A9:DB:61",1,-63,"10:44:47.133",3594
"A4:F1:E8:A9:DB:61",1,-63,"10:44:47.143",3595
"A4:F1:E8:A9:DB:61",1,-63,"10:44:47.148",3596
"A4:F1:E8:A9:DB:61",1,-63,"10:44:47.151",3602
"A4:F1:E8:A9:DB:61",1,-63,"10:44:47.153",3603
"A4:F1:E8:A9:DB:61",1,-57,"10:44:47.160",3605
"A4:F1:E8:A9:DB:61",1,-57,"10:44:47.165",3611
"A4:F1:E8:A9:DB:61",1,-63,"10:44:47.185",3619
"A4:F1:E8:A9:DB:61",1,-63,"10:44:47.202",3623
"A4:F1:E8:A9:DB:61",1,-64,"10:44:47.212",3640
"A4:F1:E8:A9:DB:61",1,-64,"10:44:47.215",3648
"A4:F1:E8:A9:DB:61",1,-63,"10:44:47.229",3653
"A4:F1:E8:A9:DB:61",1,-63,"10:44:47.237",3655
"A4:F1:E8:A9:DB:61",1,-63,"10:44:47.249",3675
"A4:F1:E8:A9:DB:61",1,-64,"10:44:47.252",3685
"A4:F1:E8:A9:DB:61",1,-64,"10:44:47.257",3686
"A4:F1:E8:A9:DB:61",1,-63,"10:44:47.260",3687
"A4:F1:E8:A9:DB:61",1,-63,"10:44:47.265",3690
"A4:F1:E8:A9:DB:61",1,-64,"10:44:47.268",3691
"A4:F1:E8:A9:DB:61",1,-62,"10:44:47.307",2400
"A4:F1:E8:A9:DB:61",1,-62,"10:44:47.427",3712
"A4:F1:E8:A9:DB:61",1,-63,"10:44:47.478",3740
"A4:F1:E8:A9:DB:61",1,-63,"10:44:47.489",3757
"A4:F1:E8:A9:DB:61",1,-62,"10:44:47.498",3762
"A4:F1:E8:A9:DB:61",1,-63,"10:44:47.500",3778
"A4:F1:E8:A9:DB:61",1,-62,"10:44:47.513",3781
"A4:F1:E8:A9:DB:61",1,-63,"10:44:47.519",3783
"A4:F1:E8:A9:DB:61",1,-63,"10:44:47.553",3787
"A4:F1:E8:A9:DB:61",1,-63,"10:44:47.559",3796
"A4:F1:E8:A9:DB:61",1,-62,"10:44:47.564",3800
"A4:F1:E8:A9:DB:61",1,-62,"10:44:47.567",3801
"A4:F1:E8:A9:DB:61",1,-62,"10:44:47.570",3804
"A4:F1:E8:A9:DB:61",1,-63,"10:44:47.572",3805
"A4:F1:E8:A9:DB:61",1,-62,"10:44:47.586",3809
"A4:F1:E8:A9:DB:61",1,-63,"10:44:47.588",3813
"A4:F1:E8:A9:DB:61",1,-62,"10:44:47.591",3814
"A4:F1:E8:A9:DB:61",1,-63,"10:44:47.601",3818
"A4:F1:E8:A9:DB:61",1,-49,"10:44:47.639",2402
"A4:F1:E8:A9:DB:61",1,-60,"10:44:47.644",3820
"A4:F1:E8:A9:DB:61",1,-62,"10:44:47.651",3828
"A4:F1:E8:A9:DB:61",1,-63,"10:44:47.654",3832
"A4:F1:E8:A9:DB:61",1,-61,"10:44:47.656",3835
"A4:F1:E8:A9:DB:61",1,-61,"10:44:47.659",3838
"A4:F1:E8:A9:DB:61",1,-62,"10:44:47.667",3840
"A4:F1:E8:A9:DB:61",1,-62,"10:44:47.672",3842
"A4:F1:E8:A9:DB:61",1,-62,"10:44:47.674",3843
"A4:F1:E8:A9:DB:61",1,-63,"10:44:47.679",3847
"A4:F1:E8:A9:DB:61",1,-62,"10:44:47.682",3848
"A4:F1:E8:A9:DB:61",1,-62,"10:44:47.689",3850
"A4:F1:E8:A9:DB:61",1,-62,"10:44:47.695",3851
"A4:F1:E8:A9:DB:61",1,-62,"10:44:47.697",3859
"A4:F1:E8:A9:DB:61",1,-62,"10:44:47.702",3861
"A4:F1:E8:A9:DB:61",1,-62,"10:44:47.716",3867
"A4:F1:E8:A9:DB:61",1,-62,"10:44:47.727",3869
"A4:F1:E8:A9:DB:61",1,-61,"10:44:47.730",3881
"A4:F1:E8:A9:DB:61",1,-62,"10:44:47.736",3883
"A4:F1:E8:A9:DB:61",1,-62,"10:44:47.745",3889
"A4:F1:E8:A9:DB:61",1,-62,"10:44:47.764",3891
"A4:F1:E8:A9:DB:61",1,-62,"10:44:47.773",3899
"A4:F1:E8:A9:DB:61",1,-62,"10:44:47.830",3931
"A4:F1:E8:A9:DB:61",1,-62,"10:44:47.849",3933
"A4:F1:E8:A9:DB:61",1,-61,"10:44:47.852",3934
"A4:F1:E8:A9:DB:61",1,-63,"10:44:47.882",3939
"A4:F1:E8:A9:DB:61",1,-61,"10:44:48.192",3955
"A4:F1:E8:A9:DB:61",1,-62,"10:44:48.238",4053
"A4:F1:E8:A9:DB:61",1,-63,"10:44:48.285",4054
"A4:F1:E8:A9:DB:61",1,-63,"10:44:49.151",4056
"A4:F1:E8:A9:DB:61",1,-62,"10:44:49.154",4093
"A4:F1:E8:A9:DB:61",1,-63,"10:44:49.172",50
"A4:F1:E8:A9:DB:61",1,-63,"10:44:49.251",57
"A4:F1:E8:A9:DB:61",1,-64,"10:44:49.258",62
"A4:F1:E8:A9:DB:61",1,-62,"10:44:49.279",70
"A4:F1:E8:A9:DB:61",1,-63,"10:44:49.287",75
"A4:F1:E8:A9:DB:61",1,-63,"10:44:49.294",76
"A4:F1:E8:A9:DB:61",1,-63,"10:44:49.575",2403
"A4:F1:E8:A9:DB:61",1,-64,"10:44:49.619",77
"A4:F1:E8:A9:DB:61",1,-65,"10:44:49.807",2405
"A4:F1:E8:A9:DB:61",1,-65,"10:44:49.820",2406
"A4:F1:E8:A9:DB:61",1,-64,"10:44:49.911",2407
"A4:F1:E8:A9:DB:61",1,-64,"10:44:50.194",78
"A4:F1:E8:A9:DB:61",1,-63,"10:44:50.205",109
"A4:F1:E8:A9:DB:61",1,-63,"10:44:50.291",110
"A4:F1:E8:A9:DB:61",1,-65,"10:44:50.379",2409
"A4:F1:E8:A9:DB:61",1,-64,"10:44:50.488",2410
"A4:F1:E8:A9:DB:61",1,-64,"10:44:50.572",111
"A4:F1:E8:A9:DB:61",1,-65,"10:44:50.603",2412
"A4:F1:E8:A9:DB:61",1,-63,"10:44:50.636",2413
"A4:F1:E8:A9:DB:61",1,-65,"10:44:50.781",2414
"A4:F1:E8:A9:DB:61",1,-64,"10:44:50.961",112
"A4:F1:E8:A9:DB:61",1,-59,"10:44:51.025",115
"A4:F1:E8:A9:DB:61",1,-63,"10:44:51.030",118
"A4:F1:E8:A9:DB:61",1,-62,"10:44:51.043",121
"A4:F1:E8:A9:DB:61",1,-64,"10:44:51.201",123
"A4:F1:E8:A9:DB:61",1,-63,"10:44:51.209",124
"A4:F1:E8:A9:DB:61",1,-64,"10:44:51.448",125
"A4:F1:E8:A9:DB:61",1,-64,"10:44:53.103",2417
"A4:F1:E8:A9:DB:61",1,-64,"10:44:53.110",230
"A4:F1:E8:A9:DB:61",1,-65,"10:44:53.155",235
"A4:F1:E8:A9:DB:61",1,-65,"10:44:53.174",237
"A4:F1:E8:A9:DB:61",1,-64,"10:44:53.198",242
"A4:F1:E8:A9:DB:61",1,-65,"10:44:53.323",2421
"A4:F1:E8:A9:DB:61",1,-65,"10:44:53.354",2422
"A4:F1:E8:A9:DB:61",1,-64,"10:44:53.400",245
"A4:F1:E8:A9:DB:61",1,-65,"10:44:53.408",246
"A4:F1:E8:A9:DB:61",1,-65,"10:44:53.616",2423
"A4:F1:E8:A9:DB:61",1,-65,"10:44:53.666",2424
"A4:F1:E8:A9:DB:61",1,-65,"10:44:53.852",2425
"A4:F1:E8:A9:DB:61",1,-65,"10:44:54.163",2426
"A4:F1:E8:A9:DB:61",1,-65,"10:44:54.179",249
"A4:F1:E8:A9:DB:61",1,-65,"10:44:54.182",250
"A4:F1:E8:A9:DB:61",1,-64,"10:44:54.198",252
"A4:F1:E8:A9:DB:61",1,-63,"10:44:54.201",254
"A4:F1:E8:A9:DB:61",1,-65,"10:44:54.320",258
"A4:F1:E8:A9:DB:61",1,-64,"10:44:54.356",260
"A4:F1:E8:A9:DB:61",1,-64,"10:44:54.365",266
"A4:F1:E8:A9:DB:61",1,-64,"10:44:54.936",323
"A4:F1:E8:A9:DB:61",1,-63,"10:44:55.028",327
"A4:F1:E8:A9:DB:61",1,-68,"10:44:55.395",363
"A4:F1:E8:A9:DB:61",1,-64,"10:44:55.422",387
"A4:F1:E8:A9:DB:61",1,-65,"10:44:55.434",388
"A4:F1:E8:A9:DB:61",1,-64,"10:44:55.475",390
"A4:F1:E8:A9:DB:61",1,-65,"10:44:56.166",409
"A4:F1:E8:A9:DB:61",1,-64,"10:44:56.168",412
"A4:F1:E8:A9:DB:61",1,-65,"10:44:56.171",449
"A4:F1:E8:A9:DB:61",1,-64,"10:44:56.181",451
"A4:F1:E8:A9:DB:61",1,-65,"10:44:56.188",459
"A4:F1:E8:A9:DB:61",1,-65,"10:44:56.259",478
"A4:F1:E8:A9:DB:61",1,-64,"10:44:56.572",516
"A4:F1:E8:A9:DB:61",1,-64,"10:44:56.619",2427
"A4:F1:E8:A9:DB:61",1,-65,"10:44:56.665",517
"A4:F1:E8:A9:DB:61",1,-64,"10:44:57.386",229
"A4:F1:E8:A9:DB:61",1,-63,"10:44:57.396",566
"A4:F1:E8:A9:DB:61",1,-63,"10:44:57.431",582
"A4:F1:E8:A9:DB:61",1,-63,"10:44:57.441",584
"A4:F1:E8:A9:DB:61",1,-63,"10:44:57.456",585
"A4:F1:E8:A9:DB:61",1,-63,"10:44:57.469",586
"A4:F1:E8:A9:DB:61",1,-64,"10:44:57.482",587
"A4:F1:E8:A9:DB:61",1,-63,"10:44:57.484",588
"A4:F1:E8:A9:DB:61",1,-64,"10:44:57.494",590
"A4:F1:E8:A9:DB:61",1,-64,"10:44:57.502",591
"A4:F1:E8:A9:DB:61",1,-64,"10:44:57.557",595
"A4:F1:E8:A9:DB:61",1,-64,"10:44:57.602",596
"A4:F1:E8:A9:DB:61",1,-64,"10:44:57.633",597
"A4:F1:E8:A9:DB:61",1,-64,"10:44:57.750",598
"A4:F1:E8:A9:DB:61",1,-64,"10:44:57.822",2430
"A4:F1:E8:A9:DB:61",1,-64,"10:44:57.846",2431
"A4:F1:E8:A9:DB:61",1,-64,"10:44:57.955",2432
"A4:F1:E8:A9:DB:61",1,-64,"10:44:58.066",2433
"A4:F1:E8:A9:DB:61",1,-63,"10:44:58.076",599
"A4:F1:E8:A9:DB:61",1,-64,"10:44:58.096",601
"A4:F1:E8:A9:DB:61",1,-64,"10:44:58.107",603
"A4:F1:E8:A9:DB:61",1,-63,"10:44:58.162",605
"A4:F1:E8:A9:DB:61",1,-64,"10:44:58.168",606
"A4:F1:E8:A9:DB:61",1,-65,"10:44:58.173",608
"A4:F1:E8:A9:DB:61",1,-63,"10:44:58.189",610
"A4:F1:E8:A9:DB:61",1,-64,"10:44:58.191",611
"A4:F1:E8:A9:DB:61",1,-64,"10:44:58.197",612
"A4:F1:E8:A9:DB:61",1,-64,"10:44:58.266",614
"A4:F1:E8:A9:DB:61",1,-63,"10:44:58.274",615
"A4:F1:E8:A9:DB:61",1,-64,"10:44:58.284",617
"A4:F1:E8:A9:DB:61",1,-63,"10:44:58.295",619
"A4:F1:E8:A9:DB:61",1,-64,"10:44:58.421",620
"A4:F1:E8:A9:DB:61",1,-63,"10:44:58.575",621
"A4:F1:E8:A9:DB:61",1,-56,"10:44:58.723",622
"A4:F1:E8:A9:DB:61",1,-63,"10:44:58.749",623
"A4:F1:E8:A9:DB:61",1,-64,"10:44:59.638",669
"A4:F1:E8:A9:DB:61",1,-64,"10:44:59.690",702
"A4:F1:E8:A9:DB:61",1,-65,"10:44:59.841",704
"A4:F1:E8:A9:DB:61",1,-65,"10:45:00.100",727
"A4:F1:E8:A9:DB:61",1,-64,"10:45:00.103",731
"A4:F1:E8:A9:DB:61",1,-64,"10:45:00.105",733
"A4:F1:E8:A9:DB:61",1,-63,"10:45:00.111",734
"A4:F1:E8:A9:DB:61",1,-64,"10:45:00.830",2434
"A4:F1:E8:A9:DB:61",1,-64,"10:45:00.991",2435
"A4:F1:E8:A9:DB:61",1,-69,"10:45:01.001",743
"A4:F1:E8:A9:DB:61",1,-69,"10:45:01.029",750
"A4:F1:E8:A9:DB:61",1,-69,"10:45:01.044",754
"A4:F1:E8:A9:DB:61",1,-65,"10:45:01.392",758
"A4:F1:E8:A9:DB:61",1,-65,"10:45:01.588",2436
"A4:F1:E8:A9:DB:61",1,-64,"10:45:02.046",759
"A4:F1:E8:A9:DB:61",1,-65,"10:45:02.052",766
"A4:F1:E8:A9:DB:61",1,-64,"10:45:02.061",770
"A4:F1:E8:A9:DB:61",1,-63,"10:45:02.142",772
"A4:F1:E8:A9:DB:61",1,-65,"10:45:02.167",773
"A4:F1:E8:A9:DB:61",1,-64,"10:45:02.177",786
"A4:F1:E8:A9:DB:61",1,-63,"10:45:02.187",787
"A4:F1:E8:A9:DB:61",1,-64,"10:45:02.210",788
"A4:F1:E8:A9:DB:61",1,-65,"10:45:02.532",799
"A4:F1:E8:A9:DB:61",1,-65,"10:45:02.537",811
"A4:F1:E8:A9:DB:61",1,-64,"10:45:02.883",2438
"A4:F1:E8:A9:DB:61",1,-66,"10:45:03.079",2439
"A4:F1:E8:A9:DB:61",1,-64,"10:45:03.092",822
"A4:F1:E8:A9:DB:61",1,-64,"10:45:03.110",827
"A4:F1:E8:A9:DB:61",1,-65,"10:45:03.392",828
"A4:F1:E8:A9:DB:61",1,-65,"10:45:03.395",841
"A4:F1:E8:A9:DB:61",1,-64,"10:45:03.494",842
"A4:F1:E8:A9:DB:61",1,-65,"10:45:03.507",2440
"A4:F1:E8:A9:DB:61",1,-65,"10:45:03.543",2441
"A4:F1:E8:A9:DB:61",1,-63,"10:45:03.711",2442
"A4:F1:E8:A9:DB:61",1,-64,"10:45:04.092",843
"A4:F1:E8:A9:DB:61",1,-64,"10:45:04.141",845
"A4:F1:E8:A9:DB:61",1,-64,"10:45:04.175",847
"A4:F1:E8:A9:DB:61",1,-62,"10:45:04.224",849
"A4:F1:E8:A9:DB:61",1,-64,"10:45:04.232",851
"A4:F1:E8:A9:DB:61",1,-64,"10:45:04.255",854
"A4:F1:E8:A9:DB:61",1,-64,"10:45:04.305",230
"A4:F1:E8:A9:DB:61",1,-63,"10:45:04.343",870
"A4:F1:E8:A9:DB:61",1,-64,"10:45:04.745",2446
"A4:F1:E8:A9:DB:61",1,-64,"10:45:04.813",2447
"A4:F1:E8:A9:DB:61",1,-64,"10:45:05.038",2448
"A4:F1:E8:A9:DB:61",1,-63,"10:45:05.048",882
"A4:F1:E8:A9:DB:61",1,-64,"10:45:05.066",894
"A4:F1:E8:A9:DB:61",1,-64,"10:45:05.076",899
"A4:F1:E8:A9:DB:61",1,-57,"10:45:05.089",900
"A4:F1:E8:A9:DB:61",1,-63,"10:45:05.136",902
"A4:F1:E8:A9:DB:61",1,-65,"10:45:05.153",910
"A4:F1:E8:A9:DB:61",1,-63,"10:45:05.204",912
"A4:F1:E8:A9:DB:61",1,-63,"10:45:05.222",913
"A4:F1:E8:A9:DB:61",1,-64,"10:45:05.230",914
"A4:F1:E8:A9:DB:61",1,-64,"10:45:05.340",917
"A4:F1:E8:A9:DB:61",1,-64,"10:45:06.054",2450
"A4:F1:E8:A9:DB:61",1,-64,"10:45:06.080",940
"A4:F1:E8:A9:DB:61",1,-63,"10:45:06.896",984
"A4:F1:E8:A9:DB:61",1,-64,"10:45:07.086",985
"A4:F1:E8:A9:DB:61",1,-64,"10:45:07.216",2453
"A4:F1:E8:A9:DB:61",1,-64,"10:45:07.382",2454
"A4:F1:E8:A9:DB:61",1,-63,"10:45:07.575",988
"A4:F1:E8:A9:DB:61",1,-63,"10:45:07.839",1012
"A4:F1:E8:A9:DB:61",1,-63,"10:45:07.847",1015
"A4:F1:E8:A9:DB:61",1,-63,"10:45:07.857",1018
"A4:F1:E8:A9:DB:61",1,-63,"10:45:08.059",1020
"A4:F1:E8:A9:DB:61",1,-63,"10:45:08.117",1028
"A4:F1:E8:A9:DB:61",1,-64,"10:45:08.125",1031
"A4:F1:E8:A9:DB:61",1,-63,"10:45:08.136",1050
"A4:F1:E8:A9:DB:61",1,-63,"10:45:08.144",1052
"A4:F1:E8:A9:DB:61",1,-62,"10:45:08.347",1053
"A4:F1:E8:A9:DB:61",1,-63,"10:45:08.350",1054
"A4:F1:E8:A9:DB:61",1,-63,"10:45:08.353",2455
"A4:F1:E8:A9:DB:61",1,-64,"10:45:08.417",2456
"A4:F1:E8:A9:DB:61",1,-63,"10:45:08.559",2457
"A4:F1:E8:A9:DB:61",1,-63,"10:45:08.582",1056
"A4:F1:E8:A9:DB:61",1,-64,"10:45:08.610",2458
"A4:F1:E8:A9:DB:61",1,-64,"10:45:08.727",1057
"A4:F1:E8:A9:DB:61",1,-63,"10:45:08.877",1058
"A4:F1:E8:A9:DB:61",1,-64,"10:45:08.912",2459
"A4:F1:E8:A9:DB:61",1,-58,"10:45:08.940",2460
"A4:F1:E8:A9:DB:61",1,-63,"10:45:09.009",1068
"A4:F1:E8:A9:DB:61",1,-63,"10:45:09.015",1070
"A4:F1:E8:A9:DB:61",1,-64,"10:45:09.072",1072
"A4:F1:E8:A9:DB:61",1,-64,"10:45:09.147",1074
"A4:F1:E8:A9:DB:61",1,-63,"10:45:09.173",1087
"A4:F1:E8:A9:DB:61",1,-63,"10:45:09.181",1098
"A4:F1:E8:A9:DB:61",1,-63,"10:45:09.191",1104
"A4:F1:E8:A9:DB:61",1,-64,"10:45:09.196",1105
"A4:F1:E8:A9:DB:61",1,-63,"10:45:09.208",1107
"A4:F1:E8:A9:DB:61",1,-63,"10:45:09.550",2462
"A4:F1:E8:A9:DB:61",1,-63,"10:45:09.556",2463
"A4:F1:E8:A9:DB:61",1,-64,"10:45:10.271",1123
"A4:F1:E8:A9:DB:61",1,-63,"10:45:10.296",1167
"A4:F1:E8:A9:DB:61",1,-64,"10:45:10.324",1169
"A4:F1:E8:A9:DB:61",1,-64,"10:45:10.326",1175
"A4:F1:E8:A9:DB:61",1,-63,"10:45:10.332",1176
"A4:F1:E8:A9:DB:61",1,-64,"10:45:10.352",1178
"A4:F1:E8:A9:DB:61",1,-63,"10:45:10.804",1197
"A4:F1:E8:A9:DB:61",1,-62,"10:45:11.417",1266
"A4:F1:E8:A9:DB:61",1,-62,"10:45:11.782",2465
"A4:F1:E8:A9:DB:61",1,-62,"10:45:12.257",2466
"A4:F1:E8:A9:DB:61",1,-63,"10:45:12.275",1280
"A4:F1:E8:A9:DB:61",1,-63,"10:45:12.285",1284
"A4:F1:E8:A9:DB:61",1,-63,"10:45:12.298",1289
"A4:F1:E8:A9:DB:61",1,-62,"10:45:12.303",1291
"A4:F1:E8:A9:DB:61",1,-63,"10:45:12.493",1292
"A4:F1:E8:A9:DB:61",1,-62,"10:45:12.623",1293
"A4:F1:E8:A9:DB:61",1,-63,"10:45:12.807",2467
"A4:F1:E8:A9:DB:61",1,-64,"10:45:13.442",2468
"A4:F1:E8:A9:DB:61",1,-65,"10:45:13.450",1304
"A4:F1:E8:A9:DB:61",1,-64,"10:45:13.467",1310
"A4:F1:E8:A9:DB:61",1,-63,"10:45:13.472",1315
"A4:F1:E8:A9:DB:61",1,-64,"10:45:13.477",1316
"A4:F1:E8:A9:DB:61",1,-64,"10:45:13.510",1322
"A4:F1:E8:A9:DB:61",1,-64,"10:45:13.682",1323
"A4:F1:E8:A9:DB:61",1,-63,"10:45:13.684",1324
"A4:F1:E8:A9:DB:61",1,-64,"10:45:13.753",1329
"A4:F1:E8:A9:DB:61",1,-58,"10:45:14.053",1342
"A4:F1:E8:A9:DB:61",1,-63,"10:45:14.084",1344
"A4:F1:E8:A9:DB:61",1,-64,"10:45:14.094",1351
"A4:F1:E8:A9:DB:61",1,-64,"10:45:14.101",1353
"A4:F1:E8:A9:DB:61",1,-64,"10:45:14.122",1354
"A4:F1:E8:A9:DB:61",1,-65,"10:45:14.218",1358
"A4:F1:E8:A9:DB:61",1,-64,"10:45:14.264",236
"A4:F1:E8:A9:DB:61",1,-64,"10:45:14.460",2469
"A4:F1:E8:A9:DB:61",1,-63,"10:45:15.960",2473
"A4:F1:E8:A9:DB:61",1,-64,"10:45:17.053",1425
"A4:F1:E8:A9:DB:61",1,-64,"10:45:17.063",1427
"A4:F1:E8:A9:DB:61",1,-63,"10:45:17.088",1429
"A4:F1:E8:A9:DB:61",1,-63,"10:45:17.121",1435
"A4:F1:E8:A9:DB:61",1,-63,"10:45:17.152",1438
"A4:F1:E8:A9:DB:61",1,-64,"10:45:17.159",1439
"A4:F1:E8:A9:DB:61",1,-64,"10:45:17.167",1440
"A4:F1:E8:A9:DB:61",1,-63,"10:45:17.169",1441
"A4:F1:E8:A9:DB:61",1,-63,"10:45:17.179",1442
"A4:F1:E8:A9:DB:61",1,-58,"10:45:17.255",1448
"A4:F1:E8:A9:DB:61",1,-58,"10:45:17.260",1450
"A4:F1:E8:A9:DB:61",1,-64,"10:45:17.263",1452
"A4:F1:E8:A9:DB:61",1,-64,"10:45:17.283",1457
"A4:F1:E8:A9:DB:61",1,-64,"10:45:17.314",1459
"A4:F1:E8:A9:DB:61",1,-64,"10:45:17.329",1463
"A4:F1:E8:A9:DB:61",1,-64,"10:45:17.343",1465
"A4:F1:E8:A9:DB:61",1,-64,"10:45:17.357",1467
"A4:F1:E8:A9:DB:61",1,-65,"10:45:17.420",1470
"A4:F1:E8:A9:DB:61",1,-65,"10:45:17.495",1496
"A4:F1:E8:A9:DB:61",1,-63,"10:45:17.504",1497
"A4:F1:E8:A9:DB:61",1,-64,"10:45:17.511",1499
"A4:F1:E8:A9:DB:61",1,-64,"10:45:17.517",1504
"A4:F1:E8:A9:DB:61",1,-65,"10:45:17.526",1506
"A4:F1:E8:A9:DB:61",1,-64,"10:45:17.538",1508
"A4:F1:E8:A9:DB:61",1,-64,"10:45:17.558",1510
"A4:F1:E8:A9:DB:61",1,-65,"10:45:17.564",1511
"A4:F1:E8:A9:DB:61",1,-65,"10:45:17.570",1513
"A4:F1:E8:A9:DB:61",1,-64,"10:45:17.579",1518
"A4:F1:E8:A9:DB:61",1,-62,"10:45:17.585",1520
"A4:F1:E8:A9:DB:61",1,-64,"10:45:17.721",1540
"A4:F1:E8:A9:DB:61",1,-63,"10:45:17.742",1542
"A4:F1:E8:A9:DB:61",1,-63,"10:45:17.763",1547
"A4:F1:E8:A9:DB:61",1,-64,"10:45:17.778",1550
"A4:F1:E8:A9:DB:61",1,-64,"10:45:17.787",1552
"A4:F1:E8:A9:DB:61",1,-63,"10:45:17.792",1553
"A4:F1:E8:A9:DB:61",1,-64,"10:45:17.808",1557
"A4:F1:E8:A9:DB:61",1,-64,"10:45:17.821",1559
"A4:F1:E8:A9:DB:61",1,-65,"10:45:17.841",238
"A4:F1:E8:A9:DB:61",1,-63,"10:45:17.870",1577
"A4:F1:E8:A9:DB:61",1,-64,"10:45:17.882",1579
"A4:F1:E8:A9:DB:61",1,-62,"10:45:18.056",1588
"A4:F1:E8:A9:DB:61",1,-64,"10:45:18.070",1599
"A4:F1:E8:A9:DB:61",1,-64,"10:45:18.114",1606
"A4:F1:E8:A9:DB:61",1,-63,"10:45:18.132",1608
"A4:F1:E8:A9:DB:61",1,-63,"10:45:18.135",1610
"A4:F1:E8:A9:DB:61",1,-64,"10:45:18.139",1611
"A4:F1:E8:A9:DB:61",1,-64,"10:45:18.179",1624
"A4:F1:E8:A9:DB:61",1,-64,"10:45:18.188",1627
"A4:F1:E8:A9:DB:61",1,-64,"10:45:18.196",1630
"A4:F1:E8:A9:DB:61",1,-64,"10:45:18.199",1632
"A4:F1:E8:A9:DB:61",1,-63,"10:45:18.261",1639
"A4:F1:E8:A9:DB:61",1,-63,"10:45:18.486",1642
"A4:F1:E8:A9:DB:61",1,-63,"10:45:18.516",2478
"A4:F1:E8:A9:DB:61",1,-63,"10:45:18.544",1645
"A4:F1:E8:A9:DB:61",1,-63,"10:45:18.546",1646
"A4:F1:E8:A9:DB:61",1,-65,"10:45:18.686",1647
"A4:F1:E8:A9:DB:61",1,-63,"10:45:18.853",1648
"A4:F1:E8:A9:DB:61",1,-64,"10:45:19.017",1655
"A4:F1:E8:A9:DB:61",1,-63,"10:45:19.030",1664
"A4:F1:E8:A9:DB:61",1,-63,"10:45:19.035",1667
"A4:F1:E8:A9:DB:61",1,-63,"10:45:19.037",1668
"A4:F1:E8:A9:DB:61",1,-63,"10:45:19.075",1671
"A4:F1:E8:A9:DB:61",1,-64,"10:45:19.091",1677
"A4:F1:E8:A9:DB:61",1,-63,"10:45:19.101",1679
"A4:F1:E8:A9:DB:61",1,-65,"10:45:19.103",1680
"A4:F1:E8:A9:DB:61",1,-63,"10:45:19.170",1682
"A4:F1:E8:A9:DB:61",1,-63,"10:45:19.221",1685
"A4:F1:E8:A9:DB:61",1,-63,"10:45:19.480",1687
"A4:F1:E8:A9:DB:61",1,-64,"10:45:19.493",1694
"A4:F1:E8:A9:DB:61",1,-63,"10:45:19.754",1695
"A4:F1:E8:A9:DB:61",1,-63,"10:45:19.958",2479
"A4:F1:E8:A9:DB:61",1,-64,"10:45:20.219",2480
"A4:F1:E8:A9:DB:61",1,-64,"10:45:20.222",1698
"A4:F1:E8:A9:DB:61",1,-63,"10:45:20.227",1706
"A4:F1:E8:A9:DB:61",1,-64,"10:45:20.234",1712
"A4:F1:E8:A9:DB:61",1,-63,"10:45:20.270",1716
"A4:F1:E8:A9:DB:61",1,-65,"10:45:20.273",1723
"A4:F1:E8:A9:DB:61",1,-64,"10:45:20.285",1726
"A4:F1:E8:A9:DB:61",1,-64,"10:45:20.288",1728
"A4:F1:E8:A9:DB:61",1,-64,"10:45:20.290",1730
"A4:F1:E8:A9:DB:61",1,-64,"10:45:20.293",1731
"A4:F1:E8:A9:DB:61",1,-63,"10:45:20.347",1736
"A4:F1:E8:A9:DB:61",1,-64,"10:45:20.392",1743
"A4:F1:E8:A9:DB:61",1,-63,"10:45:20.400",1747
"A4:F1:E8:A9:DB:61",1,-63,"10:45:20.639",2483
"A4:F1:E8:A9:DB:61",1,-63,"10:45:21.305",1757
"A4:F1:E8:A9:DB:61",1,-64,"10:45:21.325",2486
"A4:F1:E8:A9:DB:61",1,-63,"10:45:21.417",2487
"A4:F1:E8:A9:DB:61",1,-62,"10:45:22.151",2488
"A4:F1:E8:A9:DB:61",1,-64,"10:45:22.199",1768
"A4:F1:E8:A9:DB:61",1,-62,"10:45:22.273",1770
"A4:F1:E8:A9:DB:61",1,-62,"10:45:22.629",1773
"A4:F1:E8:A9:DB:61",1,-62,"10:45:22.702",2490
"A4:F1:E8:A9:DB:61",1,-63,"10:45:23.003",1781
"A4:F1:E8:A9:DB:61",1,-62,"10:45:23.046",1790
"A4:F1:E8:A9:DB:61",1,-63,"10:45:23.054",1794
"A4:F1:E8:A9:DB:61",1,-62,"10:45:23.115",1796
"A4:F1:E8:A9:DB:61",1,-62,"10:45:23.120",1801
"A4:F1:E8:A9:DB:61",1,-63,"10:45:23.161",1806
"A4:F1:E8:A9:DB:61",1,-62,"10:45:23.199",1821
"A4:F1:E8:A9:DB:61",1,-62,"10:45:23.286",1827
"A4:F1:E8:A9:DB:61",1,-63,"10:45:23.289",1828
"A4:F1:E8:A9:DB:61",1,-63,"10:45:23.295",1829
"A4:F1:E8:A9:DB:61",1,-62,"10:45:23.405",1851
"A4:F1:E8:A9:DB:61",1,-63,"10:45:23.415",1853
"A4:F1:E8:A9:DB:61",1,-62,"10:45:23.431",1856
"A4:F1:E8:A9:DB:61",1,-63,"10:45:23.456",1861
"A4:F1:E8:A9:DB:61",1,-63,"10:45:23.504",1864
"A4:F1:E8:A9:DB:61",1,-63,"10:45:23.506",1866
"A4:F1:E8:A9:DB:61",1,-63,"10:45:23.549",1868
"A4:F1:E8:A9:DB:61",1,-63,"10:45:23.562",1875
"A4:F1:E8:A9:DB:61",1,-62,"10:45:23.567",1877
"A4:F1:E8:A9:DB:61",1,-62,"10:45:23.582",1880
"A4:F1:E8:A9:DB:61",1,-58,"10:45:23.653",1882
"A4:F1:E8:A9:DB:61",1,-62,"10:45:23.663",1886
"A4:F1:E8:A9:DB:61",1,-63,"10:45:23.676",1889
"A4:F1:E8:A9:DB:61",1,-63,"10:45:23.679",1891
"A4:F1:E8:A9:DB:61",1,-63,"10:45:23.728",1893
"A4:F1:E8:A9:DB:61",1,-62,"10:45:23.735",1895
"A4:F1:E8:A9:DB:61",1,-63,"10:45:23.746",1907
"A4:F1:E8:A9:DB:61",1,-62,"10:45:23.780",1908
"A4:F1:E8:A9:DB:61",1,-63,"10:45:23.830",1909
"A4:F1:E8:A9:DB:61",1,-63,"10:45:24.421",1913
"A4:F1:E8:A9:DB:61",1,-63,"10:45:24.424",1917
"A4:F1:E8:A9:DB:61",1,-63,"10:45:24.426",1935
"A4:F1:E8:A9:DB:61",1,-63,"10:45:24.444",1952
"A4:F1:E8:A9:DB:61",1,-63,"10:45:24.454",1956
"A4:F1:E8:A9:DB:61",1,-63,"10:45:25.015",1957
"A4:F1:E8:A9:DB:61",1,-63,"10:45:25.020",1965
"A4:F1:E8:A9:DB:61",1,-63,"10:45:25.023",2020
"A4:F1:E8:A9:DB:61",1,-63,"10:45:25.025",2022
"A4:F1:E8:A9:DB:61",1,-63,"10:45:25.060",2023
"A4:F1:E8:A9:DB:61",1,-63,"10:45:25.067",2024
"A4:F1:E8:A9:DB:61",1,-63,"10:45:25.070",2026
"A4:F1:E8:A9:DB:61",1,-63,"10:45:25.080",2031
"A4:F1:E8:A9:DB:61",1,-63,"10:45:25.088",2033
"A4:F1:E8:A9:DB:61",1,-63,"10:45:25.095",2042
"A4:F1:E8:A9:DB:61",1,-63,"10:45:25.105",2044
"A4:F1:E8:A9:DB:61",1,-63,"10:45:26.177",2055
"A4:F1:E8:A9:DB:61",1,-63,"10:45:26.193",2294
"A4:F1:E8:A9:DB:61",1,-62,"10:45:26.241",2295
"A4:F1:E8:A9:DB:61",1,-62,"10:45:26.249",2296
"A4:F1:E8:A9:DB:61",1,-63,"10:45:26.259",2299
"A4:F1:E8:A9:DB:61",1,-62,"10:45:26.264",2301
"A4:F1:E8:A9:DB:61",1,-62,"10:45:26.277",2303
"A4:F1:E8:A9:DB:61",1,-62,"10:45:26.341",2306
"A4:F1:E8:A9:DB:61",1,-62,"10:45:26.555",2492
"A4:F1:E8:A9:DB:61",1,-63,"10:45:26.672",2493
"A4:F1:E8:A9:DB:61",1,-63,"10:45:26.674",2308
"A4:F1:E8:A9:DB:61",1,-63,"10:45:26.947",2495
"A4:F1:E8:A9:DB:61",1,-63,"10:45:27.010",2311
"A4:F1:E8:A9:DB:61",1,-64,"10:45:27.030",2315
"A4:F1:E8:A9:DB:61",1,-63,"10:45:27.033",2317
"A4:F1:E8:A9:DB:61",1,-63,"10:45:27.485",2360
"A4:F1:E8:A9:DB:61",1,-63,"10:45:27.498",2396
"A4:F1:E8:A9:DB:61",1,-58,"10:45:27.516",2400
"A4:F1:E8:A9:DB:61",1,-63,"10:45:27.528",2408
"A4:F1:E8:A9:DB:61",1,-63,"10:45:27.552",2497
"A4:F1:E8:A9:DB:61",1,-63,"10:45:27.561",2414
"A4:F1:E8:A9:DB:61",1,-64,"10:45:27.651",2416
"A4:F1:E8:A9:DB:61",1,-63,"10:45:27.660",2418
"A4:F1:E8:A9:DB:61",1,-64,"10:45:27.813",2420
"A4:F1:E8:A9:DB:61",1,-64,"10:45:27.985",2421
"A4:F1:E8:A9:DB:61",1,-63,"10:45:27.988",2423
"A4:F1:E8:A9:DB:61",1,-63,"10:45:28.026",2425
"A4:F1:E8:A9:DB:61",1,-63,"10:45:28.032",2434
"A4:F1:E8:A9:DB:61",1,-63,"10:45:28.050",2435
"A4:F1:E8:A9:DB:61",1,-63,"10:45:28.059",2437
"A4:F1:E8:A9:DB:61",1,-64,"10:45:28.174",2443
"A4:F1:E8:A9:DB:61",1,-63,"10:45:28.199",2445
"A4:F1:E8:A9:DB:61",1,-64,"10:45:28.209",2449
"A4:F1:E8:A9:DB:61",1,-65,"10:45:28.221",2453
"A4:F1:E8:A9:DB:61",1,-64,"10:45:28.230",2455
"A4:F1:E8:A9:DB:61",1,-64,"10:45:28.245",2457
"A4:F1:E8:A9:DB:61",1,-64,"10:45:28.284",2470
"A4:F1:E8:A9:DB:61",1,-63,"10:45:28.296",2472
"A4:F1:E8:A9:DB:61",1,-64,"10:45:28.305",2475
"A4:F1:E8:A9:DB:61",1,-64,"10:45:28.352",2477
"A4:F1:E8:A9:DB:61",1,-63,"10:45:28.477",2490
"A4:F1:E8:A9:DB:61",1,-63,"10:45:28.510",2495
"A4:F1:E8:A9:DB:61",1,-64,"10:45:28.516",2496
"A4:F1:E8:A9:DB:61",1,-64,"10:45:28.522",2499
"A4:F1:E8:A9:DB:61",1,-64,"10:45:28.544",2503
"A4:F1:E8:A9:DB:61",1,-64,"10:45:28.547",2504
"A4:F1:E8:A9:DB:61",1,-63,"10:45:28.566",2506
"A4:F1:E8:A9:DB:61",1,-63,"10:45:28.581",2507
"A4:F1:E8:A9:DB:61",1,-64,"10:45:28.603",2511
"A4:F1:E8:A9:DB:61",1,-63,"10:45:28.626",2515
"A4:F1:E8:A9:DB:61",1,-63,"10:45:28.633",2516
"A4:F1:E8:A9:DB:61",1,-64,"10:45:28.644",2520
"A4:F1:E8:A9:DB:61",1,-63,"10:45:28.654",2522
"A4:F1:E8:A9:DB:61",1,-63,"10:45:28.893",2545
"A4:F1:E8:A9:DB:61",1,-61,"10:45:28.908",2547
"A4:F1:E8:A9:DB:61",1,-63,"10:45:28.936",2549
"A4:F1:E8:A9:DB:61",1,-63,"10:45:28.944",2552
"A4:F1:E8:A9:DB:61",1,-63,"10:45:28.949",2554
"A4:F1:E8:A9:DB:61",1,-63,"10:45:28.954",2556
"A4:F1:E8:A9:DB:61",1,-63,"10:45:28.992",2558
"A4:F1:E8:A9:DB:61",1,-63,"10:45:29.000",2563
"A4:F1:E8:A9:DB:61",1,-63,"10:45:29.002",2564
"A4:F1:E8:A9:DB:61",1,-63,"10:45:29.007",2565
"A4:F1:E8:A9:DB:61",1,-64,"10:45:29.043",2566
"A4:F1:E8:A9:DB:61",1,-62,"10:45:29.129",2567
"A4:F1:E8:A9:DB:61",1,-62,"10:45:29.631",2498
"A4:F1:E8:A9:DB:61",1,-62,"10:45:30.021",2499
"A4:F1:E8:A9:DB:61",1,-63,"10:45:30.031",2587
"A4:F1:E8:A9:DB:61",1,-63,"10:45:30.039",2588
"A4:F1:E8:A9:DB:61",1,-62,"10:45:30.050",2590
"A4:F1:E8:A9:DB:61",1,-73,"10:45:30.054",2591
"A4:F1:E8:A9:DB:61",1,-58,"10:45:30.063",2592
"A4:F1:E8:A9:DB:61",1,-63,"10:45:30.071",2595
"A4:F1:E8:A9:DB:61",1,-62,"10:45:30.092",2600
"A4:F1:E8:A9:DB:61",1,-63,"10:45:30.103",2602
"A4:F1:E8:A9:DB:61",1,-63,"10:45:30.105",2606
"A4:F1:E8:A9:DB:61",1,-62,"10:45:30.139",2617
"A4:F1:E8:A9:DB:61",1,-63,"10:45:30.142",2619
"A4:F1:E8:A9:DB:61",1,-62,"10:45:30.150",2621
"A4:F1:E8:A9:DB:61",1,-62,"10:45:30.158",2624
"A4:F1:E8:A9:DB:61",1,-64,"10:45:30.163",2627
"A4:F1:E8:A9:DB:61",1,-63,"10:45:30.172",2628
"A4:F1:E8:A9:DB:61",1,-62,"10:45:30.181",2630
"A4:F1:E8:A9:DB:61",1,-63,"10:45:30.200",2634
"A4:F1:E8:A9:DB:61",1,-63,"10:45:30.209",2635
"A4:F1:E8:A9:DB:61",1,-62,"10:45:30.251",2637
"A4:F1:E8:A9:DB:61",1,-62,"10:45:30.263",2638
"A4:F1:E8:A9:DB:61",1,-63,"10:45:30.288",2640
"A4:F1:E8:A9:DB:61",1,-62,"10:45:30.293",2644
"A4:F1:E8:A9:DB:61",1,-63,"10:45:30.305",2645
"A4:F1:E8:A9:DB:61",1,-62,"10:45:30.310",2646
"A4:F1:E8:A9:DB:61",1,-63,"10:45:30.316",2648
"A4:F1:E8:A9:DB:61",1,-62,"10:45:30.340",2652
"A4:F1:E8:A9:DB:61",1,-63,"10:45:30.363",2653
"A4:F1:E8:A9:DB:61",1,-63,"10:45:30.413",2656
"A4:F1:E8:A9:DB:61",1,-62,"10:45:30.418",2657
"A4:F1:E8:A9:DB:61",1,-62,"10:45:30.432",2660
"A4:F1:E8:A9:DB:61",1,-62,"10:45:30.442",2661
"A4:F1:E8:A9:DB:61",1,-62,"10:45:30.837",2684
"A4:F1:E8:A9:DB:61",1,-63,"10:45:30.863",2501
"A4:F1:E8:A9:DB:61",1,-63,"10:45:30.893",2685
"A4:F1:E8:A9:DB:61",1,-62,"10:45:30.905",2686
"A4:F1:E8:A9:DB:61",1,-63,"10:45:30.915",2687
"A4:F1:E8:A9:DB:61",1,-61,"10:45:30.928",2689
"A4:F1:E8:A9:DB:61",1,-63,"10:45:30.940",2691
"A4:F1:E8:A9:DB:61",1,-64,"10:45:30.950",2693
"A4:F1:E8:A9:DB:61",1,-63,"10:45:30.965",2697
"A4:F1:E8:A9:DB:61",1,-63,"10:45:31.112",2699
"A4:F1:E8:A9:DB:61",1,-63,"10:45:31.320",2502
"A4:F1:E8:A9:DB:61",1,-62,"10:45:32.060",2701
"A4:F1:E8:A9:DB:61",1,-63,"10:45:32.065",2702
"A4:F1:E8:A9:DB:61",1,-63,"10:45:32.068",2703
"A4:F1:E8:A9:DB:61",1,-63,"10:45:32.289",2504
"A4:F1:E8:A9:DB:61",1,-68,"10:45:34.334",2704
"A4:F1:E8:A9:DB:61",1,-68,"10:45:34.352",2705
"A4:F1:E8:A9:DB:61",1,-68,"10:45:34.556",2506
"A4:F1:E8:A9:DB:61",1,-63,"10:45:34.739",2507
"A4:F1:E8:A9:DB:61",1,-61,"10:45:34.742",2508
"A4:F1:E8:A9:DB:61",1,-68,"10:45:34.747",2509
"A4:F1:E8:A9:DB:61",1,-70,"10:45:34.826",2510
"A4:F1:E8:A9:DB:61",1,-70,"10:45:34.834",2511
"A4:F1:E8:A9:DB:61",1,-68,"10:45:34.845",2512
"A4:F1:E8:A9:DB:61",1,-63,"10:45:34.882",2515
"A4:F1:E8:A9:DB:61",1,-61,"10:45:34.885",2516
"A4:F1:E8:A9:DB:61",1,-63,"10:45:35.095",2531
"A4:F1:E8:A9:DB:61",1,-63,"10:45:35.228",2542
"A4:F1:E8:A9:DB:61",1,-63,"10:45:35.275",2543
"A4:F1:E8:A9:DB:61",1,-63,"10:45:35.422",2555
"A4:F1:E8:A9:DB:61",1,-63,"10:45:35.473",2556
"A4:F1:E8:A9:DB:61",1,-62,"10:45:35.509",2559
"A4:F1:E8:A9:DB:61",1,-63,"10:45:35.849",2562
"A4:F1:E8:A9:DB:61",1,-63,"10:45:35.859",2563
"A4:F1:E8:A9:DB:61",1,-63,"10:45:35.900",2564
"A4:F1:E8:A9:DB:61",1,-62,"10:45:36.100",2566
"A4:F1:E8:A9:DB:61",1,-62,"10:45:36.240",2567
"A4:F1:E8:A9:DB:61",1,-62,"10:45:36.260",2569
"A4:F1:E8:A9:DB:61",1,-62,"10:45:36.347",2576
"A4:F1:E8:A9:DB:61",1,-63,"10:45:36.390",2577
"A4:F1:E8:A9:DB:61",1,-63,"10:45:36.550",2578
"A4:F1:E8:A9:DB:61",1,-61,"10:45:36.700",2580
"A4:F1:E8:A9:DB:61",1,-62,"10:45:36.751",2581
"A4:F1:E8:A9:DB:61",1,-62,"10:45:36.879",2582
"A4:F1:E8:A9:DB:61",1,-62,"10:45:37.288",2584
"A4:F1:E8:A9:DB:61",1,-62,"10:45:37.293",2587
"A4:F1:E8:A9:DB:61",1,-62,"10:45:37.460",2591
"A4:F1:E8:A9:DB:61",1,-62,"10:45:37.631",2593
"A4:F1:E8:A9:DB:61",1,-66,"10:45:40.923",2706
"A4:F1:E8:A9:DB:61",1,-69,"10:45:41.201",2597
"A4:F1:E8:A9:DB:61",1,-69,"10:45:42.034",2709
"A4:F1:E8:A9:DB:61",1,-72,"10:45:42.112",2599
"A4:F1:E8:A9:DB:61",1,-69,"10:45:42.134",2601
"A4:F1:E8:A9:DB:61",1,-69,"10:45:42.162",2604
"A4:F1:E8:A9:DB:61",1,-69,"10:45:42.165",2605
"A4:F1:E8:A9:DB:61",1,-84,"10:45:42.190",2607
"A4:F1:E8:A9:DB:61",1,-69,"10:45:42.326",2623
"A4:F1:E8:A9:DB:61",1,-68,"10:45:42.385",2624
"A4:F1:E8:A9:DB:61",1,-71,"10:45:42.478",2632
"A4:F1:E8:A9:DB:61",1,-69,"10:45:42.520",2636
"A4:F1:E8:A9:DB:61",1,-69,"10:45:42.545",2637
"A4:F1:E8:A9:DB:61",1,-68,"10:45:42.553",2638
"A4:F1:E8:A9:DB:61",1,-68,"10:45:42.688",2649
"A4:F1:E8:A9:DB:61",1,-69,"10:45:42.733",2650
"A4:F1:E8:A9:DB:61",1,-68,"10:45:42.779",2653
"A4:F1:E8:A9:DB:61",1,-68,"10:45:42.951",2654
"A4:F1:E8:A9:DB:61",1,-70,"10:45:43.001",2655
"A4:F1:E8:A9:DB:61",1,-70,"10:45:43.153",2656
"A4:F1:E8:A9:DB:61",1,-69,"10:45:43.186",2657
"A4:F1:E8:A9:DB:61",1,-68,"10:45:43.307",2658
"A4:F1:E8:A9:DB:61",1,-69,"10:45:43.351",2659
"A4:F1:E8:A9:DB:61",1,-84,"10:45:43.489",2660
"A4:F1:E8:A9:DB:61",1,-69,"10:45:43.529",2661
"A4:F1:E8:A9:DB:61",1,-69,"10:45:44.364",2669
"A4:F1:E8:A9:DB:61",1,-69,"10:45:44.367",2671
"A4:F1:E8:A9:DB:61",1,-69,"10:45:44.373",2672
"A4:F1:E8:A9:DB:61",1,-69,"10:45:44.376",2673
"A4:F1:E8:A9:DB:61",1,-68,"10:45:44.404",2678
"A4:F1:E8:A9:DB:61",1,-69,"10:45:44.509",2679
"A4:F1:E8:A9:DB:61",1,-68,"10:45:45.885",2684
"A4:F1:E8:A9:DB:61",1,-68,"10:45:45.934",2698
"A4:F1:E8:A9:DB:61",1,-68,"10:45:48.472",2713
"A4:F1:E8:A9:DB:61",1,-69,"10:45:48.474",2714
"A4:F1:E8:A9:DB:61",1,-68,"10:45:48.477",2717
"A4:F1:E8:A9:DB:61",1,-62,"10:45:48.693",2702
"A4:F1:E8:A9:DB:61",1,-69,"10:45:50.752",2724
"A4:F1:E8:A9:DB:61",1,-68,"10:45:50.940",2706
"A4:F1:E8:A9:DB:61",1,-68,"10:45:52.342",2707
"A4:F1:E8:A9:DB:61",1,-68,"10:45:52.345",2733
"A4:F1:E8:A9:DB:61",1,-69,"10:45:52.417",2708
"A4:F1:E8:A9:DB:61",1,-68,"10:45:52.451",2709
"A4:F1:E8:A9:DB:61",1,-68,"10:45:52.570",2710
"A4:F1:E8:A9:DB:61",1,-71,"10:45:53.707",2712
"A4:F1:E8:A9:DB:61",1,-69,"10:46:12.594",2734
"A4:F1:E8:A9:DB:61",1,-68,"10:46:12.765",2713
"A4:F1:E8:A9:DB:61",1,-68,"10:46:13.541",2714
"A4:F1:E8:A9:DB:61",1,-67,"10:46:15.584",2735
"A4:F1:E8:A9:DB:61",1,-67,"10:46:16.183",2716
"A4:F1:E8:A9:DB:61",1,-68,"10:46:16.187",2741
"A4:F1:E8:A9:DB:61",1,-67,"10:46:16.496",2718
"A4:F1:E8:A9:DB:61",1,-68,"10:46:17.451",2723
"A4:F1:E8:A9:DB:61",1,-68,"10:46:17.455",2724
"A4:F1:E8:A9:DB:61",1,-68,"10:46:17.497",2727
"A4:F1:E8:A9:DB:61",1,-66,"10:46:17.500",2728
"A4:F1:E8:A9:DB:61",1,-67,"10:46:17.512",2730
"A4:F1:E8:A9:DB:61",1,-68,"10:46:17.638",2742
"A4:F1:E8:A9:DB:61",1,-66,"10:46:17.697",2743
"A4:F1:E8:A9:DB:61",1,-62,"10:46:17.797",2751
"A4:F1:E8:A9:DB:61",1,-67,"10:46:17.833",2754
"A4:F1:E8:A9:DB:61",1,-67,"10:46:17.881",2755
"A4:F1:E8:A9:DB:61",1,-67,"10:46:18.029",2764
"A4:F1:E8:A9:DB:61",1,-67,"10:46:18.071",2765
"A4:F1:E8:A9:DB:61",1,-66,"10:46:18.162",2769
"A4:F1:E8:A9:DB:61",1,-67,"10:46:18.328",2771
"A4:F1:E8:A9:DB:61",1,-67,"10:46:18.461",2772
"A4:F1:E8:A9:DB:61",1,-68,"10:46:18.511",2773
"A4:F1:E8:A9:DB:61",1,-67,"10:46:18.648",2774
"A4:F1:E8:A9:DB:61",1,-67,"10:46:18.693",2775
"A4:F1:E8:A9:DB:61",1,-64,"10:46:18.816",2777
"A4:F1:E8:A9:DB:61",1,-67,"10:46:18.841",2778
"A4:F1:E8:A9:DB:61",1,-66,"10:46:18.946",2786
"A4:F1:E8:A9:DB:61",1,-67,"10:46:18.988",2787
"A4:F1:E8:A9:DB:61",1,-67,"10:46:19.146",2788
"A4:F1:E8:A9:DB:61",1,-67,"10:46:19.177",2789
"A4:F1:E8:A9:DB:61",1,-67,"10:46:19.312",2790
"A4:F1:E8:A9:DB:61",1,-67,"10:46:19.363",2791
"A4:F1:E8:A9:DB:61",1,-67,"10:46:19.485",2792
"A4:F1:E8:A9:DB:61",1,-67,"10:46:19.562",2793
"A4:F1:E8:A9:DB:61",1,-67,"10:46:19.658",2794
"A4:F1:E8:A9:DB:61",1,-67,"10:46:19.858",2796
"A4:F1:E8:A9:DB:61",1,-67,"10:46:19.896",2797
"A4:F1:E8:A9:DB:61",1,-66,"10:46:20.014",2799
"A4:F1:E8:A9:DB:61",1,-68,"10:46:20.043",2800
"A4:F1:E8:A9:DB:61",1,-67,"10:46:20.058",2801
"A4:F1:E8:A9:DB:61",1,-67,"10:46:20.233",2803
"A4:F1:E8:A9:DB:61",1,-66,"10:46:20.369",2804
"A4:F1:E8:A9:DB:61",1,-66,"10:46:20.422",2805
"A4:F1:E8:A9:DB:61",1,-67,"10:46:20.549",2806
"A4:F1:E8:A9:DB:61",1,-67,"10:46:20.602",2807
"A4:F1:E8:A9:DB:61",1,-66,"10:46:20.751",2808
"A4:F1:E8:A9:DB:61",1,-67,"10:46:20.763",2809
"A4:F1:E8:A9:DB:61",1,-67,"10:46:20.910",2810
"A4:F1:E8:A9:DB:61",1,-67,"10:46:20.942",2812
"A4:F1:E8:A9:DB:61",1,-66,"10:46:21.084",2814
"A4:F1:E8:A9:DB:61",1,-67,"10:46:21.106",2815
"A4:F1:E8:A9:DB:61",1,-67,"10:46:21.159",2816
"A4:F1:E8:A9:DB:61",1,-66,"10:46:21.200",2817
"A4:F1:E8:A9:DB:61",1,-67,"10:46:21.234",2818
"A4:F1:E8:A9:DB:61",1,-66,"10:46:21.237",2819
"A4:F1:E8:A9:DB:61",1,-67,"10:46:21.280",2820
"A4:F1:E8:A9:DB:61",1,-67,"10:46:21.283",2821
"A4:F1:E8:A9:DB:61",1,-66,"10:46:21.306",2823
"A4:F1:E8:A9:DB:61",1,-66,"10:46:22.883",2825
"A4:F1:E8:A9:DB:61",1,-66,"10:46:22.903",2826
"A4:F1:E8:A9:DB:61",1,-67,"10:46:22.915",2827
"A4:F1:E8:A9:DB:61",1,-66,"10:46:22.950",2828
"A4:F1:E8:A9:DB:61",1,-66,"10:46:23.079",2829
"A4:F1:E8:A9:DB:61",1,-68,"10:46:32.584",2745
"A4:F1:E8:A9:DB:61",1,-68,"10:46:32.589",2746
"A4:F1:E8:A9:DB:61",1,-68,"10:46:32.594",2749
"A4:F1:E8:A9:DB:61",1,-68,"10:46:32.630",2750
"A4:F1:E8:A9:DB:61",1,-68,"10:46:32.837",2831
"A4:F1:E8:A9:DB:61",1,-68,"10:46:32.995",2832
"A4:F1:E8:A9:DB:61",1,-68,"10:46:33.020",2752
"A4:F1:E8:A9:DB:61",1,-68,"10:46:37.212",2835
"A4:F1:E8:A9:DB:61",1,-68,"10:46:39.580",2842
"A4:F1:E8:A9:DB:61",1,-67,"10:46:39.583",2763
"A4:F1:E8:A9:DB:61",1,-68,"10:46:39.623",2767
"A4:F1:E8:A9:DB:61",1,-68,"10:46:39.808",2843
"A4:F1:E8:A9:DB:61",1,-67,"10:46:39.902",2844
"A4:F1:E8:A9:DB:61",1,-69,"10:46:45.312",2846
"A4:F1:E8:A9:DB:61",1,-69,"10:46:45.350",2768
"A4:F1:E8:A9:DB:61",1,-69,"10:46:46.068",2850
"A4:F1:E8:A9:DB:61",1,-68,"10:46:49.490",2869
"A4:F1:E8:A9:DB:61",1,-68,"10:46:49.495",2901
"A4:F1:E8:A9:DB:61",1,-69,"10:46:49.528",2915
"A4:F1:E8:A9:DB:61",1,-69,"10:46:49.570",2916
"A4:F1:E8:A9:DB:61",1,-68,"10:46:49.729",2917
"A4:F1:E8:A9:DB:61",1,-68,"10:46:49.739",2918
"A4:F1:E8:A9:DB:61",1,-69,"10:46:50.737",2920
"A4:F1:E8:A9:DB:61",1,-70,"10:46:50.740",2928
"A4:F1:E8:A9:DB:61",1,-69,"10:46:50.785",2929
"A4:F1:E8:A9:DB:61",1,-69,"10:46:50.813",2930
"A4:F1:E8:A9:DB:61",1,-70,"10:46:50.965",2931
"A4:F1:E8:A9:DB:61",1,-68,"10:46:51.013",2932
"A4:F1:E8:A9:DB:61",1,-69,"10:46:51.121",2933
"A4:F1:E8:A9:DB:61",1,-69,"10:46:51.166",2934
"A4:F1:E8:A9:DB:61",1,-68,"10:46:51.290",2935
"A4:F1:E8:A9:DB:61",1,-69,"10:46:51.344",2936
"A4:F1:E8:A9:DB:61",1,-69,"10:46:51.475",2937
"A4:F1:E8:A9:DB:61",1,-70,"10:46:51.507",2938
"A4:F1:E8:A9:DB:61",1,-69,"10:46:51.541",2939
"A4:F1:E8:A9:DB:61",1,-69,"10:46:51.974",2940
"A4:F1:E8:A9:DB:61",1,-70,"10:46:56.532",2941
"A4:F1:E8:A9:DB:61",1,-70,"10:46:56.557",2769
"A4:F1:E8:A9:DB:61",1,-70,"10:46:56.565",2770
"A4:F1:E8:A9:DB:61",1,-70,"10:46:56.579",2774
"A4:F1:E8:A9:DB:61",1,-70,"10:46:56.582",2777
"A4:F1:E8:A9:DB:61",1,-70,"10:46:56.598",2942
"A4:F1:E8:A9:DB:61",1,-70,"10:46:56.637",2778
"A4:F1:E8:A9:DB:61",1,-69,"10:46:56.955",2943
"A4:F1:E8:A9:DB:61",1,-69,"10:46:57.156",2944
"A4:F1:E8:A9:DB:61",1,-69,"10:46:57.171",2780
"A4:F1:E8:A9:DB:61",1,-69,"10:46:57.179",2783
"A4:F1:E8:A9:DB:61",1,-69,"10:46:57.181",2787
"A4:F1:E8:A9:DB:61",1,-69,"10:46:57.222",2945
"A4:F1:E8:A9:DB:61",1,-68,"10:46:57.228",2946
"A4:F1:E8:A9:DB:61",1,-68,"10:46:57.258",2947
"A4:F1:E8:A9:DB:61",1,-68,"10:46:57.393",2948
"A4:F1:E8:A9:DB:61",1,-66,"10:46:58.331",2949
"A4:F1:E8:A9:DB:61",1,-68,"10:46:58.369",2788
"A4:F1:E8:A9:DB:61",1,-66,"10:46:58.413",2950
"A4:F1:E8:A9:DB:61",1,-68,"10:46:58.429",2791
"A4:F1:E8:A9:DB:61",1,-68,"10:46:58.436",2793
"A4:F1:E8:A9:DB:61",1,-67,"10:46:58.457",2795
"A4:F1:E8:A9:DB:61",1,-67,"10:46:58.462",2796
"A4:F1:E8:A9:DB:61",1,-67,"10:46:58.700",2952
"A4:F1:E8:A9:DB:61",1,-67,"10:46:58.728",2954
"A4:F1:E8:A9:DB:61",1,-66,"10:46:59.329",2955
"A4:F1:E8:A9:DB:61",1,-77,"10:46:59.398",2798
"A4:F1:E8:A9:DB:61",1,-63,"10:46:59.413",2804
"A4:F1:E8:A9:DB:61",1,-65,"10:46:59.599",2956
"A4:F1:E8:A9:DB:61",1,-63,"10:46:59.629",2958
"A4:F1:E8:A9:DB:61",1,-65,"10:47:00.031",2959
"A4:F1:E8:A9:DB:61",1,-63,"10:47:00.083",2805
"A4:F1:E8:A9:DB:61",1,-63,"10:47:00.279",2960
"A4:F1:E8:A9:DB:61",1,-64,"10:47:01.084",2806
"A4:F1:E8:A9:DB:61",1,-64,"10:47:01.168",2809
"A4:F1:E8:A9:DB:61",1,-64,"10:47:01.359",2962
"A4:F1:E8:A9:DB:61",1,-66,"10:47:03.723",2964
"A4:F1:E8:A9:DB:61",1,-67,"10:47:03.742",2966
"A4:F1:E8:A9:DB:61",1,-66,"10:47:03.819",2972
"A4:F1:E8:A9:DB:61",1,-66,"10:47:03.940",2983
"A4:F1:E8:A9:DB:61",1,-66,"10:47:03.983",2984
"A4:F1:E8:A9:DB:61",1,-68,"10:47:04.094",2993
"A4:F1:E8:A9:DB:61",1,-77,"10:47:04.135",2994
"A4:F1:E8:A9:DB:61",1,-66,"10:47:04.176",2995
"A4:F1:E8:A9:DB:61",1,-66,"10:47:04.316",3006
"A4:F1:E8:A9:DB:61",1,-65,"10:47:04.357",3007
"A4:F1:E8:A9:DB:61",1,-68,"10:47:04.396",3010
"A4:F1:E8:A9:DB:61",1,-66,"10:47:04.404",3011
"A4:F1:E8:A9:DB:61",1,-67,"10:47:04.445",3012
"A4:F1:E8:A9:DB:61",1,-66,"10:47:04.622",3014
"A4:F1:E8:A9:DB:61",1,-66,"10:47:04.811",3016
"A4:F1:E8:A9:DB:61",1,-66,"10:47:04.951",3017
"A4:F1:E8:A9:DB:61",1,-66,"10:47:05.147",3019
"A4:F1:E8:A9:DB:61",1,-65,"10:47:05.152",3020
"A4:F1:E8:A9:DB:61",1,-65,"10:47:05.233",3027
"A4:F1:E8:A9:DB:61",1,-66,"10:47:05.293",3028
"A4:F1:E8:A9:DB:61",1,-65,"10:47:05.417",3029
"A4:F1:E8:A9:DB:61",1,-67,"10:47:05.441",2810
"A4:F1:E8:A9:DB:61",1,-67,"10:47:05.452",2811
"A4:F1:E8:A9:DB:61",1,-66,"10:47:05.462",3030
"A4:F1:E8:A9:DB:61",1,-67,"10:47:05.591",3031
"A4:F1:E8:A9:DB:61",1,-67,"10:47:05.601",3032
"A4:F1:E8:A9:DB:61",1,-66,"10:47:05.643",3034
"A4:F1:E8:A9:DB:61",1,-66,"10:47:05.804",3035
"A4:F1:E8:A9:DB:61",1,-66,"10:47:05.816",3036
"A4:F1:E8:A9:DB:61",1,-65,"10:47:05.942",3037
"A4:F1:E8:A9:DB:61",1,-66,"10:47:06.127",3038
"A4:F1:E8:A9:DB:61",1,-66,"10:47:06.439",3040
"A4:F1:E8:A9:DB:61",1,-66,"10:47:06.463",3041
"A4:F1:E8:A9:DB:61",1,-68,"10:47:06.502",3042
"A4:F1:E8:A9:DB:61",1,-67,"10:47:06.641",3044
"A4:F1:E8:A9:DB:61",1,-67,"10:47:06.686",3045
"A4:F1:E8:A9:DB:61",1,-67,"10:47:07.250",3047
"A4:F1:E8:A9:DB:61",1,-67,"10:47:07.262",2822
"A4:F1:E8:A9:DB:61",1,-66,"10:47:07.270",3050
"A4:F1:E8:A9:DB:61",1,-66,"10:47:07.345",3051
"A4:F1:E8:A9:DB:61",1,-66,"10:47:07.403",3052
"A4:F1:E8:A9:DB:61",1,-67,"10:47:07.432",3053
"A4:F1:E8:A9:DB:61",1,-66,"10:47:07.556",3054
"A4:F1:E8:A9:DB:61",1,-66,"10:47:08.036",3055
"A4:F1:E8:A9:DB:61",1,-67,"10:47:08.098",2827
"A4:F1:E8:A9:DB:61",1,-67,"10:47:08.106",2828
"A4:F1:E8:A9:DB:61",1,-68,"10:47:08.109",2829
"A4:F1:E8:A9:DB:61",1,-60,"10:47:08.116",2831
"A4:F1:E8:A9:DB:61",1,-59,"10:47:08.194",2832
"A4:F1:E8:A9:DB:61",1,-58,"10:47:08.215",2834
"A4:F1:E8:A9:DB:61",1,-58,"10:47:08.218",2835
"A4:F1:E8:A9:DB:61",1,-57,"10:47:08.239",2836
"A4:F1:E8:A9:DB:61",1,-58,"10:47:08.244",2837
"A4:F1:E8:A9:DB:61",1,-57,"10:47:08.284",2838
"A4:F1:E8:A9:DB:61",1,-56,"10:47:08.334",2845
"A4:F1:E8:A9:DB:61",1,-56,"10:47:08.340",2846
"A4:F1:E8:A9:DB:61",1,-55,"10:47:08.356",2847
"A4:F1:E8:A9:DB:61",1,-55,"10:47:08.377",2849
"A4:F1:E8:A9:DB:61",1,-55,"10:47:08.456",2851
"A4:F1:E8:A9:DB:61",1,-54,"10:47:08.465",2852
"A4:F1:E8:A9:DB:61",1,-56,"10:47:08.477",2854
"A4:F1:E8:A9:DB:61",1,-55,"10:47:08.524",2856
"A4:F1:E8:A9:DB:61",1,-62,"10:47:08.934",3056
"A4:F1:E8:A9:DB:61",1,-70,"10:47:09.248",3057
"A4:F1:E8:A9:DB:61",1,-69,"10:47:09.272",2864
"A4:F1:E8:A9:DB:61",1,-69,"10:47:09.283",2869
"A4:F1:E8:A9:DB:61",1,-61,"10:47:09.444",2865
"A4:F1:E8:A9:DB:61",1,-64,"10:47:09.457",2869
"A4:F1:E8:A9:DB:61",1,-76,"10:47:09.465",2887
"A4:F1:E8:A9:DB:61",1,-63,"10:47:09.492",2891
"A4:F1:E8:A9:DB:61",1,-62,"10:47:09.557",2898
"A4:F1:E8:A9:DB:61",1,-62,"10:47:09.576",2899
"A4:F1:E8:A9:DB:61",1,-62,"10:47:09.592",2901
"A4:F1:E8:A9:DB:61",1,-62,"10:47:09.598",2902
"A4:F1:E8:A9:DB:61",1,-62,"10:47:09.690",2906
"A4:F1:E8:A9:DB:61",1,-63,"10:47:09.704",2910
"A4:F1:E8:A9:DB:61",1,-62,"10:47:09.722",2913
"A4:F1:E8:A9:DB:61",1,-62,"10:47:09.735",2915
"A4:F1:E8:A9:DB:61",1,-62,"10:47:09.774",2916
"A4:F1:E8:A9:DB:61",1,-62,"10:47:09.786",2918
"A4:F1:E8:A9:DB:61",1,-63,"10:47:09.809",2921
"A4:F1:E8:A9:DB:61",1,-62,"10:47:09.817",2923
"A4:F1:E8:A9:DB:61",1,-63,"10:47:09.855",2924
"A4:F1:E8:A9:DB:61",1,-63,"10:47:09.858",2925
"A4:F1:E8:A9:DB:61",1,-62,"10:47:09.872",2926
"A4:F1:E8:A9:DB:61",1,-63,"10:47:09.896",2929
"A4:F1:E8:A9:DB:61",1,-63,"10:47:09.905",2930
"A4:F1:E8:A9:DB:61",1,-63,"10:47:09.911",2933
"A4:F1:E8:A9:DB:61",1,-62,"10:47:09.928",2935
"A4:F1:E8:A9:DB:61",1,-63,"10:47:10.006",2937
"A4:F1:E8:A9:DB:61",1,-62,"10:47:10.009",2938
"A4:F1:E8:A9:DB:61",1,-63,"10:47:10.023",2939
"A4:F1:E8:A9:DB:61",1,-62,"10:47:10.150",2940
"A4:F1:E8:A9:DB:61",1,-62,"10:47:10.172",2941
"A4:F1:E8:A9:DB:61",1,-63,"10:47:10.183",2943
"A4:F1:E8:A9:DB:61",1,-62,"10:47:10.202",2945
"A4:F1:E8:A9:DB:61",1,-62,"10:47:10.218",2947
"A4:F1:E8:A9:DB:61",1,-62,"10:47:10.288",2955
"A4:F1:E8:A9:DB:61",1,-63,"10:47:10.406",3058
"A4:F1:E8:A9:DB:61",1,-63,"10:47:10.436",3059
"A4:F1:E8:A9:DB:61",1,-63,"10:47:10.489",3060
"A4:F1:E8:A9:DB:61",1,-71,"10:47:10.988",3061
"A4:F1:E8:A9:DB:61",1,-63,"10:47:11.008",2958
"A4:F1:E8:A9:DB:61",1,-62,"10:47:11.052",2960
"A4:F1:E8:A9:DB:61",1,-63,"10:47:11.060",2961
"A4:F1:E8:A9:DB:61",1,-63,"10:47:11.110",2962
"A4:F1:E8:A9:DB:61",1,-63,"10:47:12.210",3064
"A4:F1:E8:A9:DB:61",1,-72,"10:47:12.418",3065
"A4:F1:E8:A9:DB:61",1,-65,"10:47:13.318",2986
"A4:F1:E8:A9:DB:61",1,-64,"10:47:13.321",2990
"A4:F1:E8:A9:DB:61",1,-63,"10:47:13.375",3066
"A4:F1:E8:A9:DB:61",1,-63,"10:47:14.704",3070
"A4:F1:E8:A9:DB:61",1,-65,"10:47:15.870",3085
"A4:F1:E8:A9:DB:61",1,-64,"10:47:15.873",3114
"A4:F1:E8:A9:DB:61",1,-65,"10:47:16.516",3073
"A4:F1:E8:A9:DB:61",1,-64,"10:47:18.088",3078
"A4:F1:E8:A9:DB:61",1,-65,"10:47:18.350",3079
"A4:F1:E8:A9:DB:61",1,-66,"10:47:19.286",3080
"A4:F1:E8:A9:DB:61",1,-67,"10:47:19.289",3123
"A4:F1:E8:A9:DB:61",1,-66,"10:47:19.404",3081
"A4:F1:E8:A9:DB:61",1,-67,"10:47:19.437",3082
"A4:F1:E8:A9:DB:61",1,-66,"10:47:19.498",3083
"A4:F1:E8:A9:DB:61",1,-66,"10:47:23.186",3084
"A4:F1:E8:A9:DB:61",1,-67,"10:47:23.313",3085
"A4:F1:E8:A9:DB:61",1,-66,"10:47:23.966",3124
"A4:F1:E8:A9:DB:61",1,-66,"10:47:23.978",3125
"A4:F1:E8:A9:DB:61",1,-66,"10:47:24.164",3126
"A4:F1:E8:A9:DB:61",1,-66,"10:47:24.390",3087
"A4:F1:E8:A9:DB:61",1,-62,"10:47:34.455",3088
"A4:F1:E8:A9:DB:61",1,-63,"10:47:34.463",3127
"A4:F1:E8:A9:DB:61",1,-64,"10:47:34.682",3089
"A4:F1:E8:A9:DB:61",1,-69,"10:47:35.685",3092
"A4:F1:E8:A9:DB:61",1,-74,"10:47:35.794",3095
"A4:F1:E8:A9:DB:61",1,-67,"10:47:40.889",3096
"A4:F1:E8:A9:DB:61",1,-67,"10:47:40.901",3129
"A4:F1:E8:A9:DB:61",1,-68,"10:47:41.004",3097
"A4:F1:E8:A9:DB:61",1,-67,"10:47:41.033",3098
"A4:F1:E8:A9:DB:61",1,-78,"10:47:41.096",3099
"A4:F1:E8:A9:DB:61",1,-81,"10:47:42.648",3130
"A4:F1:E8:A9:DB:61",1,-66,"10:47:42.832",3100
"A4:F1:E8:A9:DB:61",1,-76,"10:47:43.042",3101
"A4:F1:E8:A9:DB:61",1,-66,"10:47:46.939",3132
"A4:F1:E8:A9:DB:61",1,-66,"10:47:46.958",3133
"A4:F1:E8:A9:DB:61",1,-71,"10:47:47.155",3103
"A4:F1:E8:A9:DB:61",1,-67,"10:48:07.310",3107
"A4:F1:E8:A9:DB:61",1,-68,"10:48:07.321",3108
"A4:F1:E8:A9:DB:61",1,-72,"10:48:07.540",3109
"A4:F1:E8:A9:DB:61",1,-71,"10:48:09.867",3110
"A4:F1:E8:A9:DB:61",1,-70,"10:48:09.872",3136
"A4:F1:E8:A9:DB:61",1,-71,"10:48:09.884",3139
"A4:F1:E8:A9:DB:61",1,-66,"10:48:10.017",3141
"A4:F1:E8:A9:DB:61",1,-66,"10:48:10.032",3142
"A4:F1:E8:A9:DB:61",1,-65,"10:48:10.055",3143
"A4:F1:E8:A9:DB:61",1,-66,"10:48:10.058",251
"A4:F1:E8:A9:DB:61",1,-66,"10:48:10.101",3147
"A4:F1:E8:A9:DB:61",1,-67,"10:48:10.107",3111
"A4:F1:E8:A9:DB:61",1,-66,"10:48:10.143",3149
"A4:F1:E8:A9:DB:61",1,-66,"10:48:10.159",3152
"A4:F1:E8:A9:DB:61",1,-66,"10:48:10.168",3154
"A4:F1:E8:A9:DB:61",1,-67,"10:48:10.170",3156
"A4:F1:E8:A9:DB:61",1,-67,"10:48:10.179",3158
"A4:F1:E8:A9:DB:61",1,-66,"10:48:10.184",3159
"A4:F1:E8:A9:DB:61",1,-66,"10:48:10.187",3160
"A4:F1:E8:A9:DB:61",1,-66,"10:48:10.201",3161
"A4:F1:E8:A9:DB:61",1,-74,"10:48:10.703",3114
"A4:F1:E8:A9:DB:61",1,-66,"10:48:10.710",3163
"A4:F1:E8:A9:DB:61",1,-66,"10:48:10.750",3168
"A4:F1:E8:A9:DB:61",1,-66,"10:48:10.762",3172
"A4:F1:E8:A9:DB:61",1,-66,"10:48:10.768",3177
"A4:F1:E8:A9:DB:61",1,-65,"10:48:10.788",3179
"A4:F1:E8:A9:DB:61",1,-66,"10:48:10.791",3182
"A4:F1:E8:A9:DB:61",1,-65,"10:48:10.810",3188
"A4:F1:E8:A9:DB:61",1,-64,"10:48:10.815",3195
"A4:F1:E8:A9:DB:61",1,-61,"10:48:11.056",3117
"A4:F1:E8:A9:DB:61",1,-65,"10:48:12.921",3199
"A4:F1:E8:A9:DB:61",1,-66,"10:48:12.933",3200
"A4:F1:E8:A9:DB:61",1,-66,"10:48:12.952",3202
"A4:F1:E8:A9:DB:61",1,-66,"10:48:12.963",3211
"A4:F1:E8:A9:DB:61",1,-66,"10:48:12.974",3214
"A4:F1:E8:A9:DB:61",1,-65,"10:48:13.005",3219
"A4:F1:E8:A9:DB:61",1,-65,"10:48:13.008",3220
"A4:F1:E8:A9:DB:61",1,-64,"10:48:13.238",3223
"A4:F1:E8:A9:DB:61",1,-64,"10:48:13.241",3229
"A4:F1:E8:A9:DB:61",1,-66,"10:48:13.249",3245
"A4:F1:E8:A9:DB:61",1,-77,"10:48:13.469",3120
"A4:F1:E8:A9:DB:61",1,-62,"10:48:13.499",3252
"A4:F1:E8:A9:DB:61",1,-62,"10:48:13.580",3256
"A4:F1:E8:A9:DB:61",1,-62,"10:48:13.724",3264
"A4:F1:E8:A9:DB:61",1,-63,"10:48:13.726",3121
"A4:F1:E8:A9:DB:61",1,-63,"10:48:13.738",3122
"A4:F1:E8:A9:DB:61",1,-62,"10:48:13.763",3271
"A4:F1:E8:A9:DB:61",1,-62,"10:48:13.766",3272
"A4:F1:E8:A9:DB:61",1,-62,"10:48:13.772",3273
"A4:F1:E8:A9:DB:61",1,-62,"10:48:13.800",3275
"A4:F1:E8:A9:DB:61",1,-62,"10:48:13.823",3278
"A4:F1:E8:A9:DB:61",1,-62,"10:48:13.840",3280
"A4:F1:E8:A9:DB:61",1,-64,"10:48:13.843",3281
"A4:F1:E8:A9:DB:61",1,-62,"10:48:13.921",3284
"A4:F1:E8:A9:DB:61",1,-62,"10:48:13.944",3285
"A4:F1:E8:A9:DB:61",1,-63,"10:48:13.972",3291
"A4:F1:E8:A9:DB:61",1,-63,"10:48:13.987",3293
"A4:F1:E8:A9:DB:61",1,-63,"10:48:13.990",3305
"A4:F1:E8:A9:DB:61",1,-63,"10:48:14.007",3307
"A4:F1:E8:A9:DB:61",1,-64,"10:48:14.078",3312
"A4:F1:E8:A9:DB:61",1,-63,"10:48:14.089",3334
"A4:F1:E8:A9:DB:61",1,-64,"10:48:14.095",3336
"A4:F1:E8:A9:DB:61",1,-64,"10:48:14.098",3340
"A4:F1:E8:A9:DB:61",1,-63,"10:48:14.106",3341
"A4:F1:E8:A9:DB:61",1,-63,"10:48:14.111",3343
"A4:F1:E8:A9:DB:61",1,-63,"10:48:14.114",3347
"A4:F1:E8:A9:DB:61",1,-63,"10:48:14.173",3351
"A4:F1:E8:A9:DB:61",1,-63,"10:48:14.209",3353
"A4:F1:E8:A9:DB:61",1,-75,"10:48:14.236",3357
"A4:F1:E8:A9:DB:61",1,-63,"10:48:14.243",3364
"A4:F1:E8:A9:DB:61",1,-64,"10:48:14.331",3124
"A4:F1:E8:A9:DB:61",1,-78,"10:48:14.444",3125
"A4:F1:E8:A9:DB:61",1,-67,"10:48:15.098",3126
"A4:F1:E8:A9:DB:61",1,-67,"10:48:15.239",3373
"A4:F1:E8:A9:DB:61",1,-68,"10:48:15.540",3127
"A4:F1:E8:A9:DB:61",1,-68,"10:48:15.628",3374
"A4:F1:E8:A9:DB:61",1,-65,"10:48:15.646",3375
"A4:F1:E8:A9:DB:61",1,-62,"10:48:15.680",3393
"A4:F1:E8:A9:DB:61",1,-64,"10:48:16.839",3403
"A4:F1:E8:A9:DB:61",1,-57,"10:48:17.310",3133
"A4:F1:E8:A9:DB:61",1,-63,"10:48:17.320",3535
"A4:F1:E8:A9:DB:61",1,-64,"10:48:17.357",3136
"A4:F1:E8:A9:DB:61",1,-63,"10:48:17.931",3137
"A4:F1:E8:A9:DB:61",1,-65,"10:48:19.157",3169
"A4:F1:E8:A9:DB:61",1,-64,"10:48:19.177",3170
"A4:F1:E8:A9:DB:61",1,-64,"10:48:19.337",3172
"A4:F1:E8:A9:DB:61",1,-64,"10:48:19.339",3173
"A4:F1:E8:A9:DB:61",1,-65,"10:48:19.385",3184
"A4:F1:E8:A9:DB:61",1,-64,"10:48:19.404",3185
"A4:F1:E8:A9:DB:61",1,-63,"10:48:19.539",3189
"A4:F1:E8:A9:DB:61",1,-63,"10:48:19.542",3190
"A4:F1:E8:A9:DB:61",1,-63,"10:48:19.644",3191
"A4:F1:E8:A9:DB:61",1,-62,"10:48:19.730",3192
"A4:F1:E8:A9:DB:61",1,-64,"10:48:19.807",3193
"A4:F1:E8:A9:DB:61",1,-64,"10:48:19.859",3194
"A4:F1:E8:A9:DB:61",1,-63,"10:48:19.990",3195
"A4:F1:E8:A9:DB:61",1,-63,"10:48:20.169",3197
"A4:F1:E8:A9:DB:61",1,-64,"10:48:20.224",3198
"A4:F1:E8:A9:DB:61",1,-59,"10:48:20.307",3205
"A4:F1:E8:A9:DB:61",1,-58,"10:48:20.312",3206
"A4:F1:E8:A9:DB:61",1,-63,"10:48:20.343",3207
"A4:F1:E8:A9:DB:61",1,-63,"10:48:20.477",3208
"A4:F1:E8:A9:DB:61",1,-82,"10:48:20.525",3209
"A4:F1:E8:A9:DB:61",1,-63,"10:48:20.648",3210
"A4:F1:E8:A9:DB:61",1,-63,"10:48:20.696",3211
"A4:F1:E8:A9:DB:61",1,-63,"10:48:20.826",3212
"A4:F1:E8:A9:DB:61",1,-62,"10:48:20.874",3213
"A4:F1:E8:A9:DB:61",1,-63,"10:48:21.000",3214
"A4:F1:E8:A9:DB:61",1,-63,"10:48:21.174",3216
"A4:F1:E8:A9:DB:61",1,-63,"10:48:21.352",3217
"A4:F1:E8:A9:DB:61",1,-62,"10:48:21.403",3218
"A4:F1:E8:A9:DB:61",1,-63,"10:48:21.540",3219
"A4:F1:E8:A9:DB:61",1,-58,"10:48:21.581",3220
"A4:F1:E8:A9:DB:61",1,-64,"10:48:21.748",3222
"A4:F1:E8:A9:DB:61",1,-62,"10:48:21.874",3223
"A4:F1:E8:A9:DB:61",1,-64,"10:48:21.927",3224
"A4:F1:E8:A9:DB:61",1,-63,"10:48:22.049",3225
"A4:F1:E8:A9:DB:61",1,-63,"10:48:22.079",3226
"A4:F1:E8:A9:DB:61",1,-64,"10:48:22.227",3227
"A4:F1:E8:A9:DB:61",1,-64,"10:48:22.275",3228
"A4:F1:E8:A9:DB:61",1,-64,"10:48:22.678",3229
"A4:F1:E8:A9:DB:61",1,-62,"10:48:23.276",3230
"A4:F1:E8:A9:DB:61",1,-60,"10:48:23.287",3231
"A4:F1:E8:A9:DB:61",1,-68,"10:48:26.158",3234
"A4:F1:E8:A9:DB:61",1,-68,"10:48:26.178",3236
"A4:F1:E8:A9:DB:61",1,-83,"10:48:26.211",3240
"A4:F1:E8:A9:DB:61",1,-67,"10:48:26.217",3241
"A4:F1:E8:A9:DB:61",1,-69,"10:48:26.238",3243
"34:97:F6:B8:E7:E3",1,-50,"10:43:28.484",1010
"34:97:F6:B8:E7:E3",1,-49,"10:43:28.492",3969
"34:97:F6:B8:E7:E3",1,-50,"10:43:28.549",1011
"34:97:F6:B8:E7:E3",1,-51,"10:43:28.892",1012
"34:97:F6:B8:E7:E3",1,-50,"10:43:29.073",1013
"34:97:F6:B8:E7:E3",1,-50,"10:43:29.089",3975
"34:97:F6:B8:E7:E3",1,-48,"10:43:29.114",3976
"34:97:F6:B8:E7:E3",1,-52,"10:43:29.333",1014
"34:97:F6:B8:E7:E3",1,-51,"10:43:45.247",1015
"34:97:F6:B8:E7:E3",1,-50,"10:43:51.660",1016
"34:97:F6:B8:E7:E3",1,-48,"10:43:52.953",2474
"34:97:F6:B8:E7:E3",1,-49,"10:44:23.044",2475
"34:97:F6:B8:E7:E3",1,-50,"10:44:53.102",1018
"34:97:F6:B8:E7:E3",1,-50,"10:45:21.665",1019
"34:97:F6:B8:E7:E3",1,-50,"10:45:51.685",1020
"34:97:F6:B8:E7:E3",1,-48,"10:45:53.706",2476
"34:97:F6:B8:E7:E3",1,-53,"10:46:04.818",2477
"34:97:F6:B8:E7:E3",1,-48,"10:46:05.043",2478
"34:97:F6:B8:E7:E3",1,-54,"10:46:05.378",2481
"34:97:F6:B8:E7:E3",1,-53,"10:46:05.710",2486
"34:97:F6:B8:E7:E3",1,-54,"10:46:05.880",2489
"34:97:F6:B8:E7:E3",1,-59,"10:46:06.029",2490
"34:97:F6:B8:E7:E3",1,-54,"10:46:06.032",2491
"34:97:F6:B8:E7:E3",1,-54,"10:46:06.162",2492
"34:97:F6:B8:E7:E3",1,-50,"10:46:21.753",1021
"34:97:F6:B8:E7:E3",1,-49,"10:46:51.973",1022
"34:97:F6:B8:E7:E3",1,-50,"10:47:22.581",1023
"34:97:F6:B8:E7:E3",1,-50,"10:47:51.730",1024
"E8:39:DF:69:F1:77",1,-94,"10:46:42.655",984
"E8:39:DF:69:F1:77",1,-92,"10:47:16.966",990
