"timestamp","rx","rssi","02"
"11:22:43",-59,0,"02"
"11:22:43",-52,0,"02"
"11:22:44",-60,0,"02"
"11:22:44",-61,0,"02"
"11:22:44",-57,0,"02"
"11:22:44",-58,0,"02"
"11:22:44",-59,0,"02"
"11:22:46",-54,0,"02"
"11:22:46",-55,0,"02"
"11:22:46",-56,0,"02"
"11:22:46",-53,0,"02"
"11:22:47",-55,0,"02"
"11:22:47",-54,0,"02"
"11:22:47",-56,0,"02"
"11:22:47",-61,0,"02"
"11:22:48",-54,0,"02"
"11:22:48",-55,0,"02"
"11:22:48",-56,0,"02"
"11:22:54",-55,0,"02"
"11:22:54",-54,0,"02"
"11:22:54",-60,0,"02"
"11:22:54",-57,0,"02"
"11:22:54",-56,0,"02"
"11:22:55",-61,0,"02"
"11:22:55",-58,0,"02"
"11:22:55",-59,0,"02"
"11:22:55",-53,0,"02"
"11:22:55",-60,0,"02"
"11:22:55",-56,0,"02"
"11:22:55",-54,0,"02"
"11:22:55",-55,0,"02"
"11:22:57",-55,-2,"02"
"11:22:57",-56,-2,"02"
"11:22:57",-57,-2,"02"
"11:22:57",-54,-2,"02"
"11:22:58",-55,-5,"02"
"11:22:58",-54,-5,"02"
"11:22:58",-61,-5,"02"
"11:22:58",-56,-5,"02"
"11:22:58",-58,-5,"02"
"11:22:58",-60,-5,"02"
"11:22:58",-59,-5,"02"
"11:22:58",-62,-5,"02"
"11:22:59",-59,0,"02"
"11:22:59",-61,0,"02"
"11:22:59",-55,0,"02"
"11:22:59",-56,0,"02"
"11:22:59",-54,0,"02"
"11:23:06",-55,0,"02"
"11:23:06",-56,0,"02"
"11:23:06",-57,0,"02"
"11:23:06",-65,0,"02"
"11:23:07",-55,0,"02"
"11:23:07",-56,0,"02"
"11:23:07",-57,0,"02"
"11:23:07",-66,0,"02"
"11:23:08",-58,0,"02"
"11:23:08",-57,0,"02"
"11:23:08",-59,0,"02"
"11:23:08",-56,0,"02"
"11:23:08",-55,0,"02"
"11:23:08",-54,0,"02"
"11:23:09",-56,-5,"02"
"11:23:09",-55,-5,"02"
"11:23:09",-62,-5,"02"
"11:23:09",-61,-5,"02"
"11:23:09",-60,-5,"02"
"11:23:09",-59,-5,"02"
"11:23:09",-54,-5,"02"
"11:23:09",-57,-5,"02"
"11:23:11",-57,0,"02"
"11:23:11",-56,0,"02"
"11:23:11",-55,0,"02"
"11:23:11",-60,0,"02"
"11:23:18",-55,0,"02"
"11:23:18",-56,0,"02"
"11:23:18",-53,0,"02"
"11:23:18",-54,0,"02"
"11:23:18",-57,0,"02"
"11:23:18",-58,0,"02"
"11:23:19",-54,0,"02"
"11:23:19",-55,0,"02"
"11:23:19",-56,0,"02"
"11:23:19",-61,0,"02"
"11:23:19",-58,0,"02"
"11:23:19",-59,0,"02"
"11:23:19",-53,0,"02"
"11:23:21",-60,0,"02"
"11:23:21",-59,0,"02"
"11:23:21",-61,0,"02"
"11:23:21",-56,0,"02"
"11:23:21",-62,0,"02"
"11:23:21",-58,0,"02"
"11:23:21",-54,0,"02"
"11:23:22",-63,-4,"02"
"11:23:22",-61,-4,"02"
"11:23:22",-57,-4,"02"
"11:23:22",-62,-4,"02"
"11:23:22",-59,-4,"02"
"11:23:22",-58,-4,"02"
"11:23:22",-54,-4,"02"
"11:23:22",-56,-4,"02"
"11:23:22",-55,-4,"02"
"11:23:29",-61,0,"02"
"11:23:31",-59,-5,"02"
"11:23:31",-58,-5,"02"
"11:23:31",-60,-5,"02"
"11:23:31",-71,-5,"02"
"11:23:31",-53,-5,"02"
"11:23:31",-54,-5,"02"
"11:23:31",-61,-5,"02"
"11:23:31",-57,-5,"02"
"11:23:31",-55,-5,"02"
"11:23:31",-62,-5,"02"
"11:23:32",-58,-7,"02"
"11:23:32",-59,-7,"02"
"11:23:32",-55,-7,"02"
"11:23:32",-62,-7,"02"
"11:23:32",-60,-7,"02"
"11:23:32",-61,-7,"02"
"11:23:33",-60,0,"02"
"11:23:33",-59,0,"02"
"11:23:33",-54,0,"02"
"11:23:33",-56,0,"02"
"11:23:33",-62,0,"02"
"11:23:34",-60,-5,"02"
"11:23:34",-59,-5,"02"
"11:23:34",-58,-5,"02"
"11:23:34",-54,-5,"02"
"11:23:34",-55,-5,"02"
"11:23:34",-57,-5,"02"
"11:23:34",-56,-5,"02"
"11:23:36",-54,-3,"02"
"11:23:36",-56,-3,"02"
"11:23:36",-62,-3,"02"
"11:23:46",-61,-13,"02"
"11:23:46",-60,-13,"02"
"11:23:46",-59,-13,"02"
"11:23:46",-54,-13,"02"
"11:23:46",-55,-13,"02"
"11:23:54",-61,-7,"02"
"11:23:54",-59,-7,"02"
"11:23:54",-56,-7,"02"
"11:23:54",-63,-7,"02"
"11:23:54",-62,-7,"02"
"11:23:55",-61,0,"02"
"11:23:55",-54,0,"02"
"11:23:55",-59,0,"02"
"11:23:55",-55,0,"02"
"11:23:55",-60,0,"02"
"11:23:56",-61,-8,"02"
"11:23:56",-57,-8,"02"
"11:23:56",-55,-8,"02"
"11:23:56",-56,-8,"02"
"11:23:57",-56,0,"02"
"11:23:57",-55,0,"02"
"11:23:57",-60,0,"02"
"11:23:57",-57,0,"02"
"11:24:07",-56,0,"02"
"11:24:24",-53,0,"02"
"11:24:32",-55,0,"02"
"11:24:32",-52,0,"02"
"11:24:32",-53,0,"02"
"11:24:32",-54,0,"02"
"11:24:32",-51,0,"02"
"11:24:32",-58,0,"02"
"11:24:32",-59,0,"02"
"11:24:37",-58,0,"02"
"11:24:37",-57,0,"02"
"11:24:37",-56,0,"02"
"11:24:37",-52,0,"02"
"11:24:37",-54,0,"02"
"11:24:37",-55,0,"02"
"11:24:37",-53,0,"02"
"11:24:37",-51,0,"02"
"11:25:01",-53,-2,"02"
"11:25:01",-56,-2,"02"
"11:25:01",-55,-2,"02"
"11:25:01",-54,-2,"02"
"11:25:02",-56,0,"02"
"11:25:02",-55,0,"02"
"11:25:02",-54,0,"02"
"11:25:09",-55,0,"02"
"11:25:09",-56,0,"02"
"11:25:09",-54,0,"02"
"11:25:09",-53,0,"02"
"11:25:09",-52,0,"02"
"11:25:10",-54,0,"02"
"11:25:10",-53,0,"02"
"11:25:10",-60,0,"02"
"11:25:10",-59,0,"02"
"11:25:10",-57,0,"02"
"11:25:10",-58,0,"02"
"11:25:10",-56,0,"02"
"11:25:10",-52,0,"02"
"11:25:11",-58,0,"02"
"11:25:11",-57,0,"02"
"11:25:11",-53,0,"02"
"11:25:11",-52,0,"02"
"11:25:11",-60,0,"02"
"11:25:11",-59,0,"02"
"11:25:11",-56,0,"02"
"11:25:12",-57,-1,"02"
"11:25:12",-53,-1,"02"
"11:25:12",-52,-1,"02"
"11:25:12",-59,-1,"02"
"11:25:12",-56,-1,"02"
"11:25:12",-55,-1,"02"
"11:25:12",-58,-1,"02"
"11:25:13",-57,0,"02"
"11:25:13",-58,0,"02"
"11:25:13",-59,0,"02"
"11:25:13",-60,0,"02"
"11:25:13",-55,0,"02"
"11:25:13",-54,0,"02"
"11:25:13",-62,0,"02"
"11:25:13",-53,0,"02"
"11:25:13",-56,0,"02"
"11:25:13",-66,0,"02"
"11:25:20",-59,0,"02"
"11:25:21",-54,0,"02"
"11:25:21",-56,0,"02"
"11:25:21",-60,0,"02"
"11:25:21",-57,0,"02"
"11:25:21",-58,0,"02"
"11:25:21",-59,0,"02"
"11:25:21",-53,0,"02"
"11:25:21",-52,0,"02"
"11:25:22",-59,0,"02"
"11:25:22",-57,0,"02"
"11:25:22",-51,0,"02"
"11:25:22",-58,0,"02"
"11:25:22",-55,0,"02"
"11:25:22",-56,0,"02"
"11:25:22",-52,0,"02"
"11:25:22",-53,0,"02"
"11:25:23",-58,0,"02"
"11:25:23",-56,0,"02"
"11:25:23",-57,0,"02"
"11:25:23",-60,0,"02"
"11:25:23",-59,0,"02"
"11:25:23",-54,0,"02"
"11:25:23",-61,0,"02"
"11:25:24",-58,-1,"02"
"11:25:24",-57,-1,"02"
"11:25:24",-60,-1,"02"
"11:25:24",-59,-1,"02"
"11:25:26",-59,0,"02"
"11:25:26",-54,0,"02"
"11:25:26",-60,0,"02"
"11:25:26",-58,0,"02"
"11:25:26",-61,0,"02"
"11:25:26",-55,0,"02"
"11:25:26",-57,0,"02"
"11:25:27",-61,0,"02"
"11:25:35",-58,-25,"02"
"11:25:35",-59,-25,"02"
"11:25:35",-55,-25,"02"
"11:25:35",-60,-25,"02"
"11:25:35",-54,-25,"02"
"11:25:35",-53,-25,"02"
"11:25:35",-56,-25,"02"
"11:25:35",-61,-25,"02"
"11:25:36",-59,-8,"02"
"11:25:36",-58,-8,"02"
"11:25:36",-57,-8,"02"
"11:25:36",-55,-8,"02"
"11:25:36",-54,-8,"02"
"11:25:36",-61,-8,"02"
"11:25:36",-52,-8,"02"
"11:25:36",-70,-8,"02"
"11:25:36",-60,-8,"02"
"11:25:36",-53,-8,"02"
"11:25:37",-60,0,"02"
"11:25:37",-53,0,"02"
"11:25:37",-54,0,"02"
"11:25:37",-61,0,"02"
"11:25:37",-59,0,"02"
"11:25:37",-58,0,"02"
"11:25:37",-55,0,"02"
"11:25:38",-54,-2,"02"
"11:25:38",-55,-2,"02"
"11:25:38",-61,-2,"02"
"11:25:38",-59,-2,"02"
"11:25:38",-60,-2,"02"
"11:25:38",-58,-2,"02"
"11:25:42",-60,0,"02"
"11:25:42",-59,0,"02"
"11:25:42",-58,0,"02"
"11:25:42",-54,0,"02"
"11:25:42",-53,0,"02"
"11:25:42",-55,0,"02"
"11:25:42",-56,0,"02"
"11:25:42",-61,0,"02"
"11:25:45",-60,0,"02"
"11:25:45",-58,0,"02"
"11:25:45",-59,0,"02"
"11:25:45",-55,0,"02"
"11:25:45",-54,0,"02"
"11:25:45",-57,0,"02"
"11:25:45",-52,0,"02"
"11:25:45",-53,0,"02"
"11:25:45",-61,0,"02"
"11:25:47",-61,-1,"02"
"11:25:47",-52,-1,"02"
"11:25:47",-55,-1,"02"
"11:25:47",-60,-1,"02"
"11:25:47",-59,-1,"02"
"11:25:47",-58,-1,"02"
"11:25:47",-76,-1,"02"
"11:25:48",-58,0,"02"
"11:25:48",-61,0,"02"
"11:25:48",-60,0,"02"
"11:25:48",-59,0,"02"
"11:25:48",-54,0,"02"
"11:25:48",-53,0,"02"
"11:25:48",-57,0,"02"
"11:25:48",-55,0,"02"
"11:25:48",-56,0,"02"
"11:25:49",-61,-1,"02"
"11:25:49",-58,-1,"02"
"11:25:49",-54,-1,"02"
"11:25:49",-60,-1,"02"
"11:25:49",-59,-1,"02"
"11:25:49",-56,-1,"02"
"11:25:49",-53,-1,"02"
"11:25:49",-55,-1,"02"
"11:25:50",-54,-4,"02"
"11:25:50",-56,-4,"02"
"11:25:50",-55,-4,"02"
"11:25:50",-57,-4,"02"
"11:25:50",-58,-4,"02"
"11:25:50",-53,-4,"02"
"11:25:52",-53,0,"02"
"11:25:52",-54,0,"02"
"11:25:52",-56,0,"02"
"11:25:52",-55,0,"02"
"11:25:54",-55,-4,"02"
"11:25:54",-54,-4,"02"
"11:25:54",-59,-4,"02"
"11:25:54",-56,-4,"02"
"11:25:54",-53,-4,"02"
"11:25:54",-61,-4,"02"
"11:25:57",-59,-4,"02"
"11:25:57",-60,-4,"02"
"11:25:57",-58,-4,"02"
"11:25:57",-53,-4,"02"
"11:25:57",-54,-4,"02"
"11:25:57",-55,-4,"02"
"11:25:57",-61,-4,"02"
"11:26:36",-54,0,"02"
"11:26:36",-55,0,"02"
"11:26:36",-59,0,"02"
"11:26:36",-53,0,"02"
"11:27:01",-55,-1,"02"
"11:27:01",-54,-1,"02"
"11:27:01",-56,-1,"02"
"11:27:12",-55,-2,"02"
"11:27:12",-54,-2,"02"
"11:27:12",-56,-2,"02"
"11:27:26",-55,0,"02"
"11:27:26",-54,0,"02"
"11:27:26",-56,0,"02"
"11:27:26",-53,0,"02"
"11:27:27",-54,-11,"02"
"11:27:27",-56,-11,"02"
"11:27:27",-55,-11,"02"
"11:27:27",-57,-11,"02"
"11:27:27",-53,-11,"02"
"11:27:27",-60,-11,"02"
"11:27:27",-61,-11,"02"
"11:27:27",-59,-11,"02"
"11:27:27",-58,-11,"02"
"11:27:28",-60,-6,"02"
"11:27:28",-58,-6,"02"
"11:27:28",-54,-6,"02"
"11:27:28",-55,-6,"02"
"11:27:28",-53,-6,"02"
"11:27:28",-56,-6,"02"
"11:27:47",-55,0,"02"
"11:27:47",-54,0,"02"
"11:27:49",-55,0,"02"
"11:27:49",-56,0,"02"
"11:27:49",-54,0,"02"
"11:27:50",-63,0,"02"
"11:27:50",-56,0,"02"
"11:27:50",-54,0,"02"
"11:27:51",-55,0,"02"
"11:27:51",-54,0,"02"
"11:27:51",-56,0,"02"
"11:27:53",-56,0,"02"
"11:27:53",-54,0,"02"
"11:27:53",-55,0,"02"
"11:27:54",-55,0,"02"
"11:27:54",-54,0,"02"
"11:27:54",-56,0,"02"
"11:28:01",-53,-2,"02"
"11:28:01",-54,-2,"02"
"11:28:01",-56,-2,"02"
"11:28:01",-57,-2,"02"
"11:28:01",-55,-2,"02"
"11:28:03",-54,-4,"02"
"11:28:03",-57,-4,"02"
"11:28:03",-56,-4,"02"
"11:28:03",-55,-4,"02"
"11:28:03",-61,-4,"02"
"11:28:03",-60,-4,"02"
"11:28:03",-59,-4,"02"
"11:28:03",-58,-4,"02"
"11:28:04",-55,0,"02"
"11:28:04",-56,0,"02"
"11:28:04",-57,0,"02"
"11:28:04",-54,0,"02"
"11:28:05",-55,0,"02"
"11:28:05",-56,0,"02"
"11:28:05",-54,0,"02"
"11:28:06",-55,0,"02"
"11:28:06",-56,0,"02"
"11:28:06",-54,0,"02"
"11:28:06",-62,0,"02"
"11:28:14",-54,0,"02"
"11:28:14",-60,0,"02"
"11:28:14",-58,0,"02"
"11:28:14",-55,0,"02"
"11:28:14",-61,0,"02"
"11:28:14",-65,0,"02"
"11:28:16",-57,-8,"02"
"11:28:16",-55,-8,"02"
"11:28:16",-56,-8,"02"
"11:28:16",-54,-8,"02"
"11:28:17",-55,0,"02"
"11:28:17",-56,0,"02"
"11:28:17",-53,0,"02"
"11:28:17",-54,0,"02"
"11:28:19",-56,0,"02"
"11:28:19",-54,0,"02"
"11:28:19",-57,0,"02"
"11:28:19",-55,0,"02"
"11:28:19",-61,0,"02"
"11:28:19",-59,0,"02"
"11:28:19",-60,0,"02"
"11:28:20",-57,0,"02"
"11:28:20",-55,0,"02"
"11:28:20",-59,0,"02"
"11:28:20",-58,0,"02"
"11:28:20",-56,0,"02"
"11:28:20",-54,0,"02"
"11:28:20",-62,0,"02"
"11:28:25",-60,0,"02"
"11:28:25",-53,0,"02"
"11:28:25",-55,0,"02"
"11:28:25",-56,0,"02"
"11:28:25",-54,0,"02"
"11:28:26",-54,0,"02"
"11:28:26",-55,0,"02"
"11:28:26",-62,0,"02"
"11:28:37",-61,0,"02"
"11:28:38",-60,0,"02"
"11:28:38",-55,0,"02"
"11:28:38",-52,0,"02"
"11:28:38",-54,0,"02"
"11:28:38",-56,0,"02"
"11:28:38",-61,0,"02"
"11:29:03",-61,0,"02"
"11:29:13",-62,0,"02"
"11:29:13",-55,0,"02"
"11:29:13",-56,0,"02"
"11:29:14",-55,-1,"02"
"11:29:14",-56,-1,"02"
"11:29:14",-54,-1,"02"
"11:29:14",-61,-1,"02"
"11:29:26",-55,-22,"02"
"11:29:26",-54,-22,"02"
"11:29:26",-61,-22,"02"
"11:29:26",-58,-22,"02"
"11:29:26",-59,-22,"02"
"11:29:26",-56,-22,"02"
"11:29:27",-54,-2,"02"
"11:29:27",-62,-2,"02"
"11:29:27",-59,-2,"02"
"11:29:27",-60,-2,"02"
"11:29:27",-58,-2,"02"
"11:29:27",-56,-2,"02"
"11:29:27",-61,-2,"02"
"11:29:27",-57,-2,"02"
"11:29:27",-55,-2,"02"
"11:29:29",-59,-4,"02"
"11:29:29",-58,-4,"02"
"11:29:29",-52,-4,"02"
"11:29:29",-61,-4,"02"
"11:29:29",-56,-4,"02"
"11:29:29",-53,-4,"02"
"11:29:29",-54,-4,"02"
"11:29:29",-60,-4,"02"
"11:29:29",-57,-4,"02"
"11:29:30",-59,0,"02"
"11:29:30",-56,0,"02"
"11:29:30",-58,0,"02"
"11:29:30",-54,0,"02"
"11:29:30",-55,0,"02"
"11:29:30",-60,0,"02"
"11:29:30",-53,0,"02"
"11:29:31",-60,-5,"02"
"11:29:31",-59,-5,"02"
"11:29:31",-58,-5,"02"
"11:29:31",-64,-5,"02"
"11:29:31",-61,-5,"02"
"11:29:31",-54,-5,"02"
"11:29:31",-55,-5,"02"
"11:29:31",-63,-5,"02"
"11:29:36",-58,-3,"02"
"11:29:36",-59,-3,"02"
"11:29:36",-55,-3,"02"
"11:29:36",-54,-3,"02"
"11:29:36",-61,-3,"02"
"11:29:37",-61,0,"02"
"11:29:37",-55,0,"02"
"11:29:37",-59,0,"02"
"11:29:37",-60,0,"02"
"11:29:38",-61,0,"02"
"11:29:38",-60,0,"02"
"11:29:38",-59,0,"02"
"11:29:38",-52,0,"02"
"11:29:38",-58,0,"02"
"11:29:38",-55,0,"02"
"11:29:38",-53,0,"02"
"11:29:38",-56,0,"02"
"11:29:39",-58,-4,"02"
"11:29:39",-55,-4,"02"
"11:29:39",-53,-4,"02"
"11:29:39",-59,-4,"02"
"11:29:39",-60,-4,"02"
"11:29:39",-57,-4,"02"
"11:29:39",-54,-4,"02"
"11:29:39",-61,-4,"02"
"11:29:41",-62,-11,"02"
"11:29:41",-61,-11,"02"
"11:29:41",-65,-11,"02"
"11:29:41",-64,-11,"02"
"11:29:41",-63,-11,"02"
"11:29:41",-66,-11,"02"
"11:29:41",-60,-11,"02"
"11:29:41",-56,-11,"02"
"11:29:41",-57,-11,"02"
"11:29:41",-58,-11,"02"
"11:29:42",-57,0,"02"
"11:29:42",-58,0,"02"
"11:29:42",-56,0,"02"
"11:29:42",-63,0,"02"
"11:29:42",-61,0,"02"
"11:29:42",-60,0,"02"
"11:29:42",-55,0,"02"
"11:29:42",-62,0,"02"
"11:29:49",-58,-1,"02"
"11:29:49",-57,-1,"02"
"11:29:49",-62,-1,"02"
"11:29:49",-60,-1,"02"
"11:29:50",-60,0,"02"
"11:29:50",-54,0,"02"
"11:29:50",-55,0,"02"
"11:29:50",-57,0,"02"
"11:29:50",-56,0,"02"
"11:29:50",-63,0,"02"
"11:29:50",-61,0,"02"
"11:29:50",-59,0,"02"
"11:29:50",-62,0,"02"
"11:29:50",-58,0,"02"
"11:29:51",-55,-5,"02"
"11:29:51",-61,-5,"02"
"11:29:51",-60,-5,"02"
"11:29:51",-59,-5,"02"
"11:29:51",-56,-5,"02"
"11:29:51",-57,-5,"02"
"11:29:52",-61,-2,"02"
"11:29:52",-60,-2,"02"
"11:29:52",-64,-2,"02"
"11:29:52",-59,-2,"02"
"11:29:52",-57,-2,"02"
"11:29:52",-62,-2,"02"
"11:29:52",-55,-2,"02"
"11:29:52",-53,-2,"02"
"11:29:52",-56,-2,"02"
"11:29:54",-56,-1,"02"
"11:29:54",-61,-1,"02"
"11:29:54",-60,-1,"02"
"11:29:54",-57,-1,"02"
"11:29:54",-62,-1,"02"
"11:30:15",-55,0,"02"
"11:30:15",-56,0,"02"
"11:30:15",-62,0,"02"
"11:30:15",-61,0,"02"
"11:30:15",-59,0,"02"
"11:30:15",-54,0,"02"
"11:30:15",-73,0,"02"
"11:30:26",-56,-1,"02"
"11:30:26",-61,-1,"02"
"11:30:26",-62,-1,"02"
"11:30:26",-55,-1,"02"
"11:30:26",-57,-1,"02"
"11:30:27",-57,-1,"02"
"11:30:27",-56,-1,"02"
"11:30:27",-58,-1,"02"
"11:30:27",-62,-1,"02"
"11:30:36",-63,0,"02"
"11:30:36",-57,0,"02"
"11:30:36",-58,0,"02"
"11:30:36",-59,0,"02"
"11:30:36",-60,0,"02"
"11:30:41",-59,-8,"02"
"11:30:41",-63,-8,"02"
"11:30:41",-60,-8,"02"
"11:30:41",-58,-8,"02"
"11:30:41",-57,-8,"02"
"11:30:41",-62,-8,"02"
"11:30:53",-57,0,"02"
"11:30:53",-55,0,"02"
"11:30:53",-61,0,"02"
"11:30:53",-56,0,"02"
"11:30:53",-58,0,"02"
"11:30:54",-61,-10,"02"
"11:31:05",-64,0,"02"
"11:31:05",-62,0,"02"
"11:31:05",-61,0,"02"
"11:31:05",-55,0,"02"
"11:31:05",-58,0,"02"
"11:31:05",-57,0,"02"
"11:31:05",-59,0,"02"
"11:31:29",-57,0,"02"
"11:31:29",-61,0,"02"
"11:31:29",-56,0,"02"
"11:31:29",-55,0,"02"
"11:31:49",-61,0,"02"
"11:31:57",-57,-5,"02"
"11:31:57",-55,-5,"02"
"11:31:57",-62,-5,"02"
"11:31:57",-61,-5,"02"
"11:31:57",-60,-5,"02"
"11:31:57",-66,-5,"02"
"11:31:58",-61,0,"02"
"11:31:58",-60,0,"02"
"11:31:58",-55,0,"02"
"11:31:58",-62,0,"02"
"11:31:58",-58,0,"02"
"11:31:58",-56,0,"02"
"11:31:59",-58,-2,"02"
"11:31:59",-55,-2,"02"
"11:31:59",-57,-2,"02"
"11:31:59",-56,-2,"02"
"11:32:00",-55,-27,"02"
"11:32:00",-58,-27,"02"
"11:32:00",-57,-27,"02"
"11:32:00",-56,-27,"02"
"11:32:00",-61,-27,"02"
"11:32:01",-57,0,"02"
"11:32:01",-55,0,"02"
"11:32:01",-56,0,"02"
"11:32:01",-58,0,"02"
"11:32:09",-56,0,"02"
"11:32:22",-56,0,"02"
"11:32:22",-57,0,"02"
"11:32:22",-61,0,"02"
"11:32:22",-60,0,"02"
"11:32:22",-62,0,"02"
"11:32:23",-61,-12,"02"
"11:32:23",-60,-12,"02"
"11:32:23",-56,-12,"02"
"11:32:23",-57,-12,"02"
"11:32:24",-60,-9,"02"
"11:32:24",-59,-9,"02"
"11:32:24",-56,-9,"02"
"11:32:24",-55,-9,"02"
"11:32:24",-57,-9,"02"
"11:32:24",-62,-9,"02"
"11:32:24",-61,-9,"02"
"11:32:25",-59,-2,"02"
"11:32:25",-61,-2,"02"
"11:32:25",-60,-2,"02"
"11:32:25",-55,-2,"02"
"11:32:25",-56,-2,"02"
"11:32:25",-57,-2,"02"
"11:32:25",-63,-2,"02"
"11:32:26",-60,-7,"02"
"11:32:26",-56,-7,"02"
"11:32:26",-57,-7,"02"
"11:32:26",-63,-7,"02"
"11:32:26",-61,-7,"02"
"11:32:26",-55,-7,"02"
"11:32:26",-58,-7,"02"
"11:32:26",-62,-7,"02"
"11:34:34",-61,-18,"03"
"11:34:34",-62,-18,"03"
"11:34:34",-64,-18,"03"
"11:34:34",-63,-18,"03"
"11:34:34",-69,-18,"03"
"11:34:34",-67,-18,"03"
"11:34:34",-65,-18,"03"
"11:34:34",-66,-18,"03"
"11:34:34",-59,-18,"03"
"11:34:36",-65,-10,"03"
"11:34:36",-64,-10,"03"
"11:34:36",-61,-10,"03"
"11:34:36",-62,-10,"03"
"11:34:36",-60,-10,"03"
"11:34:36",-73,-10,"03"
"11:34:36",-63,-10,"03"
"11:34:37",-65,-13,"03"
"11:34:37",-64,-13,"03"
"11:34:37",-80,-13,"03"
"11:34:37",-63,-13,"03"
"11:34:37",-66,-13,"03"
"11:34:38",-64,-5,"03"
"11:34:38",-65,-5,"03"
"11:34:38",-69,-5,"03"
"11:34:46",-60,-8,"03"
"11:34:46",-62,-8,"03"
"11:34:46",-61,-8,"03"
"11:34:46",-65,-8,"03"
"11:34:46",-64,-8,"03"
"11:34:46",-63,-8,"03"
"11:34:47",-61,-6,"03"
"11:34:58",-65,-10,"03"
"11:34:58",-61,-10,"03"
"11:34:58",-60,-10,"03"
"11:34:58",-62,-10,"03"
"11:34:58",-66,-10,"03"
"11:35:11",-61,-6,"03"
"11:35:11",-65,-6,"03"
"11:35:11",-64,-6,"03"
"11:35:11",-63,-6,"03"
"11:35:23",-68,-11,"03"
"11:35:23",-65,-11,"03"
"11:35:23",-66,-11,"03"
"11:35:24",-64,-12,"03"
"11:35:24",-63,-12,"03"
"11:35:24",-61,-12,"03"
"11:35:24",-60,-12,"03"
"11:35:24",-62,-12,"03"
"11:35:24",-67,-12,"03"
"11:35:24",-66,-12,"03"
"11:35:24",-65,-12,"03"
"11:35:25",-64,-2,"03"
"11:35:25",-58,-2,"03"
"11:35:25",-65,-2,"03"
"11:35:25",-61,-2,"03"
"11:35:25",-66,-2,"03"
"11:35:25",-60,-2,"03"
"11:35:25",-62,-2,"03"
"11:35:25",-63,-2,"03"
"11:35:27",-65,-7,"03"
"11:35:27",-64,-7,"03"
"11:35:27",-63,-7,"03"
"11:35:27",-66,-7,"03"
"11:35:27",-60,-7,"03"
"11:35:28",-65,-5,"03"
"11:35:28",-64,-5,"03"
"11:35:28",-67,-5,"03"
"11:35:49",-65,-5,"03"
"11:35:49",-64,-5,"03"
"11:35:49",-63,-5,"03"
"11:35:49",-60,-5,"03"
"11:35:49",-66,-5,"03"
"11:35:49",-62,-5,"03"
"11:35:49",-61,-5,"03"
"11:35:50",-64,-4,"03"
"11:35:50",-65,-4,"03"
"11:35:50",-59,-4,"03"
"11:35:50",-66,-4,"03"
"11:35:50",-63,-4,"03"
"11:35:50",-62,-4,"03"
"11:35:50",-60,-4,"03"
"11:35:51",-65,-7,"03"
"11:35:51",-63,-7,"03"
"11:35:51",-64,-7,"03"
"11:35:51",-67,-7,"03"
"11:35:52",-65,-3,"03"
"11:35:52",-63,-3,"03"
"11:35:52",-64,-3,"03"
"11:35:52",-61,-3,"03"
"11:35:52",-66,-3,"03"
"11:35:52",-60,-3,"03"
"11:35:52",-62,-3,"03"
"11:35:52",-67,-3,"03"
"11:36:00",-64,-6,"03"
"11:36:00",-60,-6,"03"
"11:36:00",-66,-6,"03"
"11:36:00",-65,-6,"03"
"11:36:00",-59,-6,"03"
"11:36:00",-61,-6,"03"
"11:36:00",-62,-6,"03"
"11:36:00",-63,-6,"03"
"11:36:01",-64,-10,"03"
"11:36:01",-59,-10,"03"
"11:36:01",-65,-10,"03"
"11:36:01",-68,-10,"03"
"11:36:01",-63,-10,"03"
"11:36:02",-64,-7,"03"
"11:36:02",-63,-7,"03"
"11:36:02",-59,-7,"03"
"11:36:02",-61,-7,"03"
"11:36:03",-60,-12,"03"
"11:36:03",-65,-12,"03"
"11:36:03",-64,-12,"03"
"11:36:29",-65,-1,"03"
"11:36:29",-64,-1,"03"
"11:36:29",-63,-1,"03"
"11:36:37",-79,-7,"03"
"11:36:37",-60,-7,"03"
"11:36:37",-65,-7,"03"
"11:36:49",-67,-11,"03"
"11:37:01",-61,-12,"03"
"11:37:01",-66,-12,"03"
"11:37:01",-65,-12,"03"
"11:37:01",-62,-12,"03"
"11:37:01",-60,-12,"03"
"11:37:01",-64,-12,"03"
"11:37:01",-67,-12,"03"
"11:37:13",-61,-7,"03"
"11:37:13",-62,-7,"03"
"11:37:13",-66,-7,"03"
"11:37:13",-65,-7,"03"
"11:37:13",-60,-7,"03"
"11:37:23",-67,-4,"03"
"11:37:53",-61,0,"03"
"11:37:53",-62,0,"03"
"11:37:53",-63,0,"03"
"11:37:53",-65,0,"03"
"11:37:53",-64,0,"03"
"11:37:53",-66,0,"03"
"11:37:53",-67,0,"03"
"11:37:53",-68,0,"03"
"11:37:54",-64,-9,"03"
"11:37:54",-66,-9,"03"
"11:37:54",-63,-9,"03"
"11:37:54",-65,-9,"03"
"11:37:56",-64,-7,"03"
"11:37:56",-61,-7,"03"
"11:37:56",-67,-7,"03"
"11:37:56",-65,-7,"03"
"11:37:56",-63,-7,"03"
"11:37:57",-63,-2,"03"
"11:37:57",-64,-2,"03"
"11:37:57",-65,-2,"03"
"11:37:57",-67,-2,"03"
"11:37:57",-60,-2,"03"
"11:37:58",-60,-8,"03"
"11:37:58",-66,-8,"03"
"11:38:05",-63,-6,"03"
"11:38:05",-61,-6,"03"
"11:38:05",-67,-6,"03"
"11:38:05",-60,-6,"03"
"11:38:05",-65,-6,"03"
"11:38:05",-64,-6,"03"
"11:38:05",-59,-6,"03"
"11:38:05",-66,-6,"03"
"11:38:06",-84,-2,"03"
"11:38:06",-65,-2,"03"
"11:38:06",-63,-2,"03"
"11:38:06",-60,-2,"03"
"11:38:06",-66,-2,"03"
"11:38:06",-64,-2,"03"
"11:38:06",-61,-2,"03"
"11:38:07",-64,-2,"03"
"11:38:07",-65,-2,"03"
"11:38:07",-60,-2,"03"
"11:38:07",-62,-2,"03"
"11:38:07",-66,-2,"03"
"11:38:07",-63,-2,"03"
"11:38:08",-65,0,"03"
"11:38:08",-63,0,"03"
"11:38:08",-64,0,"03"
"11:38:08",-66,0,"03"
"11:38:09",-65,-3,"03"
"11:38:16",-60,-7,"03"
"11:38:16",-61,-7,"03"
"11:38:16",-64,-7,"03"
"11:38:16",-63,-7,"03"
"11:38:16",-67,-7,"03"
"11:38:16",-66,-7,"03"
"11:38:16",-65,-7,"03"
"11:38:17",-66,-16,"03"
"11:38:17",-64,-16,"03"
"11:38:17",-65,-16,"03"
"11:38:17",-63,-16,"03"
"11:38:19",-64,-18,"03"
"11:38:19",-69,-18,"03"
"11:38:19",-65,-18,"03"
"11:38:19",-63,-18,"03"
"11:38:19",-61,-18,"03"
"11:38:19",-60,-18,"03"
"11:38:19",-66,-18,"03"
"11:38:20",-65,-9,"03"
"11:38:20",-64,-9,"03"
"11:38:20",-61,-9,"03"
"11:38:20",-66,-9,"03"
"11:38:20",-68,-9,"03"
"11:38:20",-59,-9,"03"
"11:38:20",-60,-9,"03"
"11:38:20",-62,-9,"03"
"11:38:21",-60,-8,"03"
"11:38:21",-59,-8,"03"
"11:38:21",-64,-8,"03"
"11:38:21",-61,-8,"03"
"11:38:21",-67,-8,"03"
"11:38:21",-65,-8,"03"
"11:38:27",-60,-14,"03"
"11:38:27",-65,-14,"03"
"11:38:27",-63,-14,"03"
"11:38:28",-64,-2,"03"
"11:38:28",-63,-2,"03"
"11:38:28",-65,-2,"03"
"11:38:28",-68,-2,"03"
"11:38:28",-61,-2,"03"
"11:38:28",-60,-2,"03"
"11:38:28",-66,-2,"03"
"11:38:29",-64,0,"03"
"11:38:29",-61,0,"03"
"11:38:29",-60,0,"03"
"11:38:29",-67,0,"03"
"11:38:29",-65,0,"03"
"11:38:31",-65,-3,"03"
"11:38:31",-64,-3,"03"
"11:38:32",-60,-4,"03"
"11:38:32",-61,-4,"03"
"11:38:32",-66,-4,"03"
"11:38:36",-64,-6,"03"
"11:38:36",-65,-6,"03"
"11:38:36",-61,-6,"03"
"11:38:36",-62,-6,"03"
"11:38:36",-60,-6,"03"
"11:38:37",-61,-3,"03"
"11:38:55",-66,-10,"03"
"11:38:55",-64,-10,"03"
"11:38:55",-65,-10,"03"
"11:38:55",-61,-10,"03"
"11:38:55",-63,-10,"03"
"11:38:55",-60,-10,"03"
"11:38:55",-68,-10,"03"
"11:38:56",-64,-10,"03"
"11:38:56",-61,-10,"03"
"11:38:56",-66,-10,"03"
"11:38:56",-65,-10,"03"
"11:38:56",-63,-10,"03"
"11:38:56",-60,-10,"03"
"11:38:56",-67,-10,"03"
"11:38:56",-62,-10,"03"
"11:38:57",-64,-7,"03"
"11:38:57",-65,-7,"03"
"11:38:57",-63,-7,"03"
"11:38:57",-60,-7,"03"
"11:38:57",-61,-7,"03"
"11:38:57",-62,-7,"03"
"11:38:57",-66,-7,"03"
"11:39:10",-65,-19,"03"
"11:39:10",-62,-19,"03"
"11:39:10",-63,-19,"03"
"11:39:10",-61,-19,"03"
"11:39:10",-64,-19,"03"
"11:39:10",-60,-19,"03"
"11:39:11",-65,-2,"03"
"11:39:11",-63,-2,"03"
"11:39:11",-64,-2,"03"
"11:39:11",-62,-2,"03"
"11:39:11",-60,-2,"03"
"11:39:11",-61,-2,"03"
"11:39:11",-78,-2,"03"
"11:39:11",-73,-2,"03"
"11:39:11",-66,-2,"03"
"11:39:12",-66,-26,"03"
"11:39:12",-67,-26,"03"
"11:39:12",-61,-26,"03"
"11:39:12",-60,-26,"03"
"11:39:12",-65,-26,"03"
"11:39:12",-64,-26,"03"
"11:39:14",-67,-8,"03"
"11:39:15",-61,-16,"03"
"11:39:15",-60,-16,"03"
"11:39:15",-62,-16,"03"
"11:39:16",-66,-5,"03"
"11:39:16",-60,-5,"03"
"11:39:16",-61,-5,"03"
"11:39:16",-62,-5,"03"
"11:39:16",-64,-5,"03"
"11:39:17",-61,-10,"03"
"11:39:17",-60,-10,"03"
"11:39:17",-62,-10,"03"
"11:39:17",-64,-10,"03"
"11:39:17",-59,-10,"03"
"11:39:17",-63,-10,"03"
"11:39:19",-61,-7,"03"
"11:39:19",-60,-7,"03"
"11:39:19",-65,-7,"03"
"11:39:19",-74,-7,"03"
"11:39:19",-66,-7,"03"
"11:39:19",-62,-7,"03"
"11:39:19",-64,-7,"03"
"11:39:20",-60,-9,"03"
"11:39:20",-62,-9,"03"
"11:39:20",-61,-9,"03"
"11:39:20",-66,-9,"03"
"11:39:20",-65,-9,"03"
"11:39:21",-61,-6,"03"
"11:39:21",-60,-6,"03"
"11:39:21",-66,-6,"03"
"11:39:21",-65,-6,"03"
"11:39:21",-62,-6,"03"
"11:39:21",-73,-6,"03"
"11:39:22",-61,0,"03"
"11:39:22",-60,0,"03"
"11:39:22",-68,0,"03"
"11:39:22",-63,0,"03"
"11:39:22",-69,0,"03"
"11:39:22",-71,0,"03"
"11:39:22",-62,0,"03"
"11:39:24",-61,0,"03"
"11:39:24",-60,0,"03"
"11:39:24",-62,0,"03"
"11:39:24",-63,0,"03"
"11:39:24",-67,0,"03"
"11:39:25",-60,0,"03"
"11:39:25",-61,0,"03"
"11:39:25",-62,0,"03"
"11:39:25",-70,0,"03"
"11:39:25",-64,0,"03"
"11:39:26",-66,-10,"03"
"11:39:29",-67,0,"03"
"11:39:29",-64,0,"03"
"11:39:29",-61,0,"03"
"11:39:29",-60,0,"03"
"11:39:29",-65,0,"03"
"11:39:29",-66,0,"03"
"11:39:37",-65,-16,"03"
"11:39:37",-61,-16,"03"
"11:39:37",-60,-16,"03"
"11:39:37",-78,-16,"03"
"11:39:37",-66,-16,"03"
"11:39:37",-62,-16,"03"
"11:39:49",-64,-12,"03"
"11:39:50",-64,-9,"03"
"11:39:50",-65,-9,"03"
"11:39:50",-66,-9,"03"
"11:39:50",-62,-9,"03"
"11:39:50",-61,-9,"03"
"11:39:50",-60,-9,"03"
"11:39:50",-59,-9,"03"
"11:40:10",-67,-23,"03"
"11:40:12",-65,-5,"03"
"11:40:12",-66,-5,"03"
"11:40:14",-65,-2,"03"
"11:40:14",-59,-2,"03"
"11:40:14",-64,-2,"03"
"11:40:14",-60,-2,"03"
"11:40:14",-66,-2,"03"
"11:40:14",-63,-2,"03"
"11:40:15",-64,0,"03"
"11:40:15",-65,0,"03"
"11:40:15",-63,0,"03"
"11:40:15",-66,0,"03"
"11:40:16",-63,-5,"03"
"11:40:16",-61,-5,"03"
"11:40:16",-66,-5,"03"
"11:40:16",-65,-5,"03"
"11:40:16",-64,-5,"03"
"11:40:16",-60,-5,"03"
"11:40:17",-61,-9,"03"
"11:40:17",-60,-9,"03"
"11:40:17",-66,-9,"03"
"11:40:24",-69,-5,"03"
"11:40:24",-67,-5,"03"
"11:40:24",-61,-5,"03"
"11:40:24",-66,-5,"03"
"11:40:24",-64,-5,"03"
"11:40:24",-63,-5,"03"
"11:40:24",-62,-5,"03"
"11:40:24",-65,-5,"03"
"11:40:24",-87,-5,"03"
"11:40:24",-60,-5,"03"
"11:40:25",-64,-4,"03"
"11:40:25",-65,-4,"03"
"11:40:25",-63,-4,"03"
"11:40:25",-60,-4,"03"
"11:40:25",-61,-4,"03"
"11:40:25",-67,-4,"03"
"11:40:25",-62,-4,"03"
"11:40:26",-64,-1,"03"
"11:40:26",-69,-1,"03"
"11:40:26",-65,-1,"03"
"11:40:26",-60,-1,"03"
"11:40:26",-63,-1,"03"
"11:40:26",-62,-1,"03"
"11:40:26",-66,-1,"03"
"11:40:27",-65,-2,"03"
"11:40:27",-60,-2,"03"
"11:40:27",-66,-2,"03"
"11:40:27",-64,-2,"03"
"11:40:27",-61,-2,"03"
"11:40:35",-65,-4,"03"
"11:40:35",-66,-4,"03"
"11:40:35",-61,-4,"03"
"11:40:35",-64,-4,"03"
"11:40:35",-68,-4,"03"
"11:40:35",-62,-4,"03"
"11:40:36",-64,-6,"03"
"11:40:36",-65,-6,"03"
"11:40:36",-63,-6,"03"
"11:40:36",-66,-6,"03"
"11:40:36",-67,-6,"03"
"11:40:36",-61,-6,"03"
"11:40:37",-66,-6,"03"
"11:40:37",-64,-6,"03"
"11:40:37",-65,-6,"03"
"11:40:37",-60,-6,"03"
"11:40:37",-62,-6,"03"
"11:40:37",-68,-6,"03"
"11:40:37",-61,-6,"03"
"11:40:37",-59,-6,"03"
"11:40:38",-66,-5,"03"
"11:40:38",-64,-5,"03"
"11:40:38",-65,-5,"03"
"11:40:38",-63,-5,"03"
"11:40:38",-67,-5,"03"
"11:40:38",-72,-5,"03"
"11:40:40",-66,-12,"03"
"11:40:40",-65,-12,"03"
"11:40:40",-64,-12,"03"
"11:40:40",-63,-12,"03"
"11:40:47",-60,-1,"03"
"11:40:47",-64,-1,"03"
"11:40:47",-61,-1,"03"
"11:40:47",-66,-1,"03"
"11:40:47",-68,-1,"03"
"11:40:47",-67,-1,"03"
"11:40:47",-65,-1,"03"
"11:40:47",-63,-1,"03"
"11:40:48",-64,-3,"03"
"11:40:48",-65,-3,"03"
"11:40:48",-63,-3,"03"
"11:40:48",-61,-3,"03"
"11:40:48",-62,-3,"03"
"11:40:49",-65,-5,"03"
"11:40:49",-63,-5,"03"
"11:40:49",-66,-5,"03"
"11:40:49",-64,-5,"03"
"11:40:49",-61,-5,"03"
"11:40:49",-60,-5,"03"
"11:40:49",-59,-5,"03"
"11:40:51",-63,-12,"03"
"11:40:51",-64,-12,"03"
"11:40:51",-65,-12,"03"
"11:40:51",-77,-12,"03"
"11:40:58",-59,-4,"03"
"11:40:58",-61,-4,"03"
"11:40:58",-65,-4,"03"
"11:40:58",-60,-4,"03"
"11:40:58",-67,-4,"03"
"11:40:59",-68,-9,"03"
"11:40:59",-65,-9,"03"
"11:40:59",-64,-9,"03"
"11:40:59",-63,-9,"03"
"11:40:59",-61,-9,"03"
"11:40:59",-60,-9,"03"
"11:40:59",-62,-9,"03"
"11:41:01",-66,-2,"03"
"11:41:01",-65,-2,"03"
"11:41:01",-64,-2,"03"
"11:41:01",-63,-2,"03"
"11:41:01",-61,-2,"03"
"11:41:01",-67,-2,"03"
"11:41:02",-66,-8,"03"
"11:41:02",-65,-8,"03"
"11:41:02",-63,-8,"03"
"11:41:02",-64,-8,"03"
"11:41:02",-67,-8,"03"
"11:41:03",-61,-10,"03"
"11:41:03",-60,-10,"03"
"11:41:03",-66,-10,"03"
"11:41:03",-65,-10,"03"
"11:41:03",-64,-10,"03"
"11:41:03",-63,-10,"03"
"11:41:31",-66,-1,"03"
"11:41:33",-61,-13,"03"
"11:41:33",-62,-13,"03"
"11:41:33",-60,-13,"03"
"11:41:34",-60,-1,"03"
"11:41:34",-61,-1,"03"
"11:41:34",-66,-1,"03"
"11:41:35",-66,-1,"03"
"11:41:35",-60,-1,"03"
"11:41:35",-61,-1,"03"
"11:41:35",-62,-1,"03"
"11:41:44",-66,-4,"03"
"11:41:44",-64,-4,"03"
"11:41:44",-65,-4,"03"
"11:41:45",-61,-4,"03"
"11:41:45",-62,-4,"03"
"11:41:45",-59,-4,"03"
"11:41:45",-60,-4,"03"
"11:41:45",-66,-4,"03"
"11:41:57",-65,-8,"03"
"11:41:57",-64,-8,"03"
"11:41:57",-61,-8,"03"
"11:41:57",-62,-8,"03"
"11:41:57",-60,-8,"03"
"11:41:57",-66,-8,"03"
"11:41:59",-64,-17,"03"
"11:41:59",-66,-17,"03"
"11:41:59",-61,-17,"03"
"11:41:59",-60,-17,"03"
"11:41:59",-63,-17,"03"
"11:41:59",-68,-17,"03"
"11:41:59",-65,-17,"03"
"11:42:00",-61,-10,"03"
"11:42:00",-66,-10,"03"
"11:42:00",-65,-10,"03"
"11:42:00",-64,-10,"03"
"11:42:00",-60,-10,"03"
"11:42:00",-68,-10,"03"
"11:42:00",-63,-10,"03"
"11:42:01",-66,-20,"03"
"11:42:01",-65,-20,"03"
"11:42:01",-62,-20,"03"
"11:42:01",-64,-20,"03"
"11:42:01",-60,-20,"03"
"11:42:01",-69,-20,"03"
"11:42:02",-62,-21,"03"
"11:42:02",-59,-21,"03"
"11:42:02",-65,-21,"03"
"11:42:02",-60,-21,"03"
"11:42:02",-61,-21,"03"
"11:42:08",-64,-6,"03"
"11:42:08",-60,-6,"03"
"11:42:08",-59,-6,"03"
"11:42:09",-65,-5,"03"
"11:42:10",-64,-7,"03"
"11:42:10",-66,-7,"03"
"11:42:10",-60,-7,"03"
"11:42:10",-65,-7,"03"
"11:42:10",-61,-7,"03"
"11:42:12",-61,-8,"03"
"11:42:12",-65,-8,"03"
"11:42:12",-59,-8,"03"
"11:42:12",-66,-8,"03"
"11:42:12",-64,-8,"03"
"11:42:12",-60,-8,"03"
"11:42:12",-63,-8,"03"
"11:42:33",-66,-7,"03"
"11:42:35",-65,-8,"03"
"11:42:35",-63,-8,"03"
"11:42:35",-60,-8,"03"
"11:42:35",-59,-8,"03"
"11:42:35",-61,-8,"03"
"11:42:35",-62,-8,"03"
"11:42:35",-66,-8,"03"
"11:42:57",-64,-4,"03"
"11:42:57",-63,-4,"03"
"11:42:57",-67,-4,"03"
"11:42:57",-61,-4,"03"
"11:42:57",-60,-4,"03"
"11:42:57",-66,-4,"03"
"11:42:58",-63,-12,"03"
"11:42:58",-64,-12,"03"
"11:42:58",-61,-12,"03"
"11:42:58",-62,-12,"03"
"11:42:58",-65,-12,"03"
"11:42:59",-64,0,"03"
"11:42:59",-65,0,"03"
"11:42:59",-66,0,"03"
"11:42:59",-63,0,"03"
"11:42:59",-60,0,"03"
"11:42:59",-59,0,"03"
"11:43:00",-64,-10,"03"
"11:43:00",-63,-10,"03"
"11:43:00",-60,-10,"03"
"11:43:00",-65,-10,"03"
"11:43:01",-63,-6,"03"
"11:43:01",-65,-6,"03"
"11:43:01",-64,-6,"03"
"11:43:01",-60,-6,"03"
"11:43:09",-61,-13,"03"
"11:43:09",-67,-13,"03"
"11:43:09",-64,-13,"03"
"11:43:09",-65,-13,"03"
"11:43:09",-66,-13,"03"
"11:43:09",-60,-13,"03"
"11:43:10",-66,-6,"03"
"11:43:10",-60,-6,"03"
"11:43:10",-65,-6,"03"
"11:43:10",-63,-6,"03"
"11:43:10",-61,-6,"03"
"11:43:10",-64,-6,"03"
"11:43:10",-67,-6,"03"
"11:43:11",-60,-5,"03"
"11:43:11",-64,-5,"03"
"11:43:11",-65,-5,"03"
"11:43:11",-63,-5,"03"
"11:43:12",-65,-22,"03"
"11:43:12",-64,-22,"03"
"11:43:12",-67,-22,"03"
"11:43:12",-63,-22,"03"
"11:43:12",-66,-22,"03"
"11:43:13",-65,0,"03"
"11:43:13",-64,0,"03"
"11:43:13",-63,0,"03"
"11:43:13",-60,0,"03"
"11:43:13",-61,0,"03"
"11:43:13",-59,0,"03"
"11:43:13",-62,0,"03"
"11:43:13",-67,0,"03"
"11:43:13",-66,0,"03"
"11:43:21",-61,-7,"03"
"11:43:21",-62,-7,"03"
"11:43:21",-66,-7,"03"
"11:43:21",-64,-7,"03"
"11:43:21",-60,-7,"03"
"11:43:21",-59,-7,"03"
"11:43:21",-67,-7,"03"
"11:43:21",-65,-7,"03"
"11:43:21",-63,-7,"03"
"11:43:22",-65,-10,"03"
"11:43:22",-64,-10,"03"
"11:43:22",-67,-10,"03"
"11:43:22",-61,-10,"03"
"11:43:22",-59,-10,"03"
"11:43:22",-62,-10,"03"
"11:43:22",-60,-10,"03"
"11:43:23",-62,-8,"03"
"11:43:23",-61,-8,"03"
"11:43:23",-65,-8,"03"
"11:43:23",-64,-8,"03"
"11:43:23",-63,-8,"03"
"11:43:23",-67,-8,"03"
"11:43:23",-66,-8,"03"
"11:43:23",-60,-8,"03"
"11:43:24",-65,-1,"03"
"11:43:24",-64,-1,"03"
"11:43:24",-66,-1,"03"
"11:43:24",-61,-1,"03"
"11:43:24",-60,-1,"03"
"11:43:24",-62,-1,"03"
"11:43:26",-61,-7,"03"
"11:43:26",-62,-7,"03"
"11:43:26",-59,-7,"03"
"11:43:26",-60,-7,"03"
"11:43:26",-66,-7,"03"
"11:43:29",-64,-12,"03"
"11:43:30",-64,-10,"03"
"11:43:30",-65,-10,"03"
"11:43:30",-61,-10,"03"
"11:43:30",-60,-10,"03"
"11:43:30",-67,-10,"03"
"11:43:40",-64,-7,"03"
"11:43:40",-59,-7,"03"
"11:43:40",-61,-7,"03"
"11:43:40",-62,-7,"03"
"11:43:40",-60,-7,"03"
"11:43:40",-65,-7,"03"
"11:43:43",-60,0,"03"
"11:43:43",-61,0,"03"
"11:43:43",-64,0,"03"
"11:43:43",-65,0,"03"
"11:43:43",-69,0,"03"
"11:43:44",-64,-5,"03"
"11:43:44",-65,-5,"03"
"11:43:44",-60,-5,"03"
"11:43:44",-61,-5,"03"
"11:43:44",-62,-5,"03"
"11:43:44",-66,-5,"03"
"11:43:44",-73,-5,"03"
"11:43:44",-63,-5,"03"
"11:43:45",-61,-8,"03"
"11:43:45",-65,-8,"03"
"11:43:45",-66,-8,"03"
"11:43:45",-64,-8,"03"
"11:43:45",-63,-8,"03"
"11:43:46",-66,0,"03"
"11:43:46",-64,0,"03"
"11:43:46",-63,0,"03"
"11:43:46",-65,0,"03"
"11:43:46",-60,0,"03"
"11:43:46",-61,0,"03"
"11:43:48",-66,-5,"03"
"11:43:48",-63,-5,"03"
"11:43:48",-64,-5,"03"
"11:43:48",-62,-5,"03"
"11:43:48",-60,-5,"03"
"11:43:48",-61,-5,"03"
"11:43:48",-59,-5,"03"
"11:43:53",-65,0,"03"
"11:43:54",-65,-3,"03"
"11:43:54",-64,-3,"03"
"11:43:54",-63,-3,"03"
"11:43:55",-64,-3,"03"
"11:43:55",-63,-3,"03"
"11:43:55",-72,-3,"03"
"11:43:55",-61,-3,"03"
"11:43:55",-60,-3,"03"
"11:43:55",-66,-3,"03"
"11:43:55",-65,-3,"03"
"11:43:57",-59,-5,"03"
"11:43:57",-60,-5,"03"
"11:43:57",-66,-5,"03"
"11:43:57",-61,-5,"03"
"11:43:57",-65,-5,"03"
"11:43:57",-64,-5,"03"
"11:43:57",-63,-5,"03"
"11:43:58",-63,-11,"03"
"11:43:58",-64,-11,"03"
"11:43:58",-65,-11,"03"
"11:43:58",-66,-11,"03"
"11:43:58",-59,-11,"03"
"11:43:59",-60,-4,"03"
"11:43:59",-65,-4,"03"
"11:43:59",-61,-4,"03"
"11:43:59",-66,-4,"03"
"11:44:06",-61,-2,"03"
"11:44:06",-67,-2,"03"
"11:44:06",-66,-2,"03"
"11:44:06",-63,-2,"03"
"11:44:06",-59,-2,"03"
"11:44:06",-60,-2,"03"
"11:44:06",-65,-2,"03"
"11:44:06",-64,-2,"03"
"11:44:08",-66,-2,"03"
"11:44:08",-64,-2,"03"
"11:44:08",-65,-2,"03"
"11:44:08",-61,-2,"03"
"11:44:08",-59,-2,"03"
"11:44:08",-60,-2,"03"
"11:44:08",-62,-2,"03"
"11:44:09",-65,-8,"03"
"11:44:09",-64,-8,"03"
"11:44:09",-61,-8,"03"
"11:44:10",-65,-6,"03"
"11:44:10",-64,-6,"03"
"11:44:10",-63,-6,"03"
"11:44:13",-63,-5,"03"
"11:44:13",-66,-5,"03"
"12:05:42",-61,-3,"04"
"12:05:42",-60,-3,"04"
"12:05:42",-59,-3,"04"
"12:05:42",-62,-3,"04"
"12:05:43",-62,-2,"04"
"12:06:03",-67,0,"04"
"12:06:03",-68,0,"04"
"12:06:03",-64,0,"04"
"12:06:03",-65,0,"04"
"12:06:11",-62,-1,"04"
"12:06:16",-62,-3,"04"
"12:06:16",-65,-3,"04"
"12:06:16",-58,-3,"04"
"12:06:16",-56,-3,"04"
"12:06:16",-57,-3,"04"
"12:06:16",-60,-3,"04"
"12:06:16",-61,-3,"04"
"12:06:16",-63,-3,"04"
"12:06:18",-61,0,"04"
"12:06:18",-62,0,"04"
"12:06:18",-60,0,"04"
"12:06:19",-61,-3,"04"
"12:06:19",-60,-3,"04"
"12:06:19",-55,-3,"04"
"12:06:19",-56,-3,"04"
"12:06:19",-57,-3,"04"
"12:06:19",-63,-3,"04"
"12:06:19",-62,-3,"04"
"12:06:19",-59,-3,"04"
"12:06:20",-62,-2,"04"
"12:06:20",-56,-2,"04"
"12:06:20",-55,-2,"04"
"12:06:20",-63,-2,"04"
"12:06:20",-60,-2,"04"
"12:06:20",-61,-2,"04"
"12:06:20",-59,-2,"04"
"12:06:21",-61,0,"04"
"12:06:21",-59,0,"04"
"12:06:21",-60,0,"04"
"12:06:21",-56,0,"04"
"12:06:21",-55,0,"04"
"12:06:21",-57,0,"04"
"12:06:21",-62,0,"04"
"12:06:35",-62,0,"04"
"12:06:35",-55,0,"04"
"12:06:35",-57,0,"04"
"12:06:35",-56,0,"04"
"12:07:12",-62,-2,"04"
"12:07:12",-60,-2,"04"
"12:07:12",-54,-2,"04"
"12:07:12",-61,-2,"04"
"12:07:12",-59,-2,"04"
"12:07:12",-53,-2,"04"
"12:07:12",-57,-2,"04"
"12:07:12",-80,-2,"04"
"12:07:27",-61,0,"04"
"12:07:27",-62,0,"04"
"12:07:27",-55,0,"04"
"12:07:27",-60,0,"04"
"12:07:27",-63,0,"04"
"12:07:29",-62,0,"04"
"12:07:29",-60,0,"04"
"12:07:29",-54,0,"04"
"12:07:29",-61,0,"04"
"12:07:29",-63,0,"04"
"12:07:30",-62,-9,"04"
"12:07:30",-53,-9,"04"
"12:07:30",-63,-9,"04"
"12:07:30",-60,-9,"04"
"12:07:30",-55,-9,"04"
"12:07:30",-64,-9,"04"
"12:07:30",-56,-9,"04"
"12:07:30",-57,-9,"04"
"12:07:35",-62,0,"04"
"12:07:35",-55,0,"04"
"12:07:35",-56,0,"04"
"12:07:35",-57,0,"04"
"12:07:35",-63,0,"04"
"12:08:00",-63,-3,"04"
"12:08:55",-54,0,"04"
"12:09:05",-55,-7,"04"
"12:09:05",-54,-7,"04"
"12:09:05",-56,-7,"04"
"12:09:05",-62,-7,"04"
"12:09:05",-67,-7,"04"
"12:09:05",-61,-7,"04"
"12:09:05",-59,-7,"04"
"12:09:05",-60,-7,"04"
"12:09:06",-64,-5,"04"
"12:09:06",-63,-5,"04"
"12:09:06",-61,-5,"04"
"12:09:06",-62,-5,"04"
"12:09:06",-60,-5,"04"
"12:09:06",-56,-5,"04"
"12:09:06",-59,-5,"04"
"12:09:06",-55,-5,"04"
"12:09:07",-62,-1,"04"
"12:09:07",-55,-1,"04"
"12:09:07",-56,-1,"04"
"12:09:07",-57,-1,"04"
"12:09:07",-54,-1,"04"
"12:09:08",-55,-2,"04"
"12:09:08",-56,-2,"04"
"12:09:08",-60,-2,"04"
"12:09:10",-55,0,"04"
"12:09:10",-54,0,"04"
"12:09:10",-57,0,"04"
"12:09:51",-62,0,"04"
"12:10:22",-58,-7,"04"
"12:10:22",-60,-7,"04"
"12:10:22",-64,-7,"04"
"12:10:22",-57,-7,"04"
"12:10:22",-63,-7,"04"
"12:10:22",-56,-7,"04"
"12:10:23",-57,-9,"04"
"12:10:23",-56,-9,"04"
"12:10:23",-58,-9,"04"
"12:10:23",-59,-9,"04"
"12:10:23",-66,-9,"04"
"12:10:23",-55,-9,"04"
"12:10:24",-55,-1,"04"
"12:10:24",-57,-1,"04"
"12:10:24",-56,-1,"04"
"12:10:24",-54,-1,"04"
"12:10:26",-55,0,"04"
"12:10:26",-62,0,"04"
"12:10:26",-61,0,"04"
"12:10:26",-65,0,"04"
"12:10:26",-57,0,"04"
"12:10:26",-58,0,"04"
"12:10:26",-63,0,"04"
"12:10:27",-67,0,"04"
"12:10:37",-63,0,"04"
"12:10:46",-63,-5,"04"
"12:11:32",-55,0,"04"
"12:11:32",-53,0,"04"
"12:11:32",-56,0,"04"
"12:11:32",-57,0,"04"
"12:11:32",-65,0,"04"
"12:11:32",-61,0,"04"
"12:11:33",-62,-8,"04"
"12:11:34",-56,-10,"04"
"12:11:34",-63,-10,"04"
"12:11:34",-60,-10,"04"
"12:11:34",-53,-10,"04"
"12:11:34",-61,-10,"04"
"12:11:34",-54,-10,"04"
"12:11:34",-57,-10,"04"
"12:11:34",-55,-10,"04"
"12:11:34",-65,-10,"04"
"12:11:34",-64,-10,"04"
"12:11:34",-62,-10,"04"
"12:11:36",-56,-19,"04"
"12:11:36",-55,-19,"04"
"12:11:36",-58,-19,"04"
"12:11:36",-57,-19,"04"
"12:11:36",-54,-19,"04"
"12:11:37",-55,-19,"04"
"12:11:37",-56,-19,"04"
"12:11:37",-57,-19,"04"
"12:11:37",-64,-19,"04"
"12:11:38",-55,-16,"04"
"12:11:38",-56,-16,"04"
"12:11:38",-63,-16,"04"
"12:11:38",-60,-16,"04"
"12:11:38",-59,-16,"04"
"12:11:38",-53,-16,"04"
"12:11:38",-57,-16,"04"
"12:11:38",-62,-16,"04"
"12:11:38",-54,-16,"04"
"12:11:38",-64,-16,"04"
"12:11:38",-61,-16,"04"
"12:11:42",-54,-3,"04"
"12:13:12",-55,-2,"04"
"12:13:12",-56,-2,"04"
"12:13:12",-57,-2,"04"
"12:13:15",-62,-9,"04"
"12:13:15",-63,-9,"04"
"12:13:15",-60,-9,"04"
"12:13:15",-59,-9,"04"
"12:13:15",-55,-9,"04"
"12:13:15",-56,-9,"04"
"12:13:16",-62,0,"04"
"12:13:16",-60,0,"04"
"12:13:16",-61,0,"04"
"12:13:16",-55,0,"04"
"12:13:16",-56,0,"04"
"12:13:16",-63,0,"04"
"12:13:16",-59,0,"04"
"12:13:17",-63,0,"04"
"12:13:17",-60,0,"04"
"12:13:17",-59,0,"04"
"12:13:17",-55,0,"04"
"12:13:17",-56,0,"04"
"12:13:17",-54,0,"04"
"12:13:17",-62,0,"04"
"12:13:33",-62,0,"04"
"12:13:34",-63,-7,"04"
"12:13:34",-61,-7,"04"
"12:13:34",-59,-7,"04"
"12:13:34",-60,-7,"04"
"12:13:34",-54,-7,"04"
"12:13:34",-55,-7,"04"
"12:13:34",-56,-7,"04"
"12:14:29",-56,-5,"04"
"12:14:34",-54,0,"04"
"12:14:34",-55,0,"04"
"12:14:34",-56,0,"04"
"12:14:34",-57,0,"04"
"12:14:35",-55,0,"04"
"12:14:35",-56,0,"04"
"12:14:35",-54,0,"04"
"12:14:35",-57,0,"04"
"12:14:36",-56,-1,"04"
"12:14:36",-55,-1,"04"
"12:14:36",-53,-1,"04"
"12:14:36",-54,-1,"04"
"12:14:37",-56,0,"04"
"12:14:37",-55,0,"04"
"12:14:37",-54,0,"04"
"12:14:37",-63,0,"04"
"12:14:37",-61,0,"04"
"12:14:37",-62,0,"04"
"12:14:37",-60,0,"04"
"12:14:37",-59,0,"04"
"12:14:38",-60,-4,"04"
"12:14:38",-63,-4,"04"
"12:14:38",-62,-4,"04"
"12:14:38",-53,-4,"04"
"12:14:38",-55,-4,"04"
"12:14:38",-61,-4,"04"
"12:14:38",-56,-4,"04"
"12:15:01",-62,0,"04"
"12:15:01",-61,0,"04"
"12:15:01",-59,0,"04"
"12:15:01",-60,0,"04"
"12:15:01",-53,0,"04"
"12:15:01",-55,0,"04"
"12:15:01",-56,0,"04"
"12:15:02",-56,-4,"04"
"12:15:02",-57,-4,"04"
"12:15:02",-55,-4,"04"
"12:15:02",-54,-4,"04"
"12:15:02",-62,-4,"04"
"12:15:04",-59,-4,"04"
"12:15:04",-61,-4,"04"
"12:15:04",-60,-4,"04"
"12:15:04",-55,-4,"04"
"12:15:04",-56,-4,"04"
"12:15:04",-57,-4,"04"
"12:15:04",-58,-4,"04"
"12:15:04",-62,-4,"04"
"12:15:04",-63,-4,"04"
"12:15:24",-61,-2,"04"
"12:15:35",-61,-4,"04"
"12:15:35",-54,-4,"04"
"12:15:35",-55,-4,"04"
"12:15:35",-56,-4,"04"
"12:15:35",-57,-4,"04"
"12:15:35",-63,-4,"04"
"12:28:04",-65,-8,"05"
"12:28:04",-66,-8,"05"
"12:28:04",-64,-8,"05"
"12:28:34",-67,-7,"05"
"12:28:34",-59,-7,"05"
"12:28:34",-60,-7,"05"
"12:28:34",-61,-7,"05"
"12:28:34",-70,-7,"05"
"12:28:34",-66,-7,"05"
"12:28:34",-65,-7,"05"
"12:28:34",-64,-7,"05"
"12:28:35",-67,-2,"05"
"12:29:20",-67,0,"05"
"12:29:34",-59,-2,"05"
"12:29:34",-60,-2,"05"
"12:29:34",-61,-2,"05"
"12:29:34",-62,-2,"05"
"12:29:34",-67,-2,"05"
"12:29:34",-65,-2,"05"
"12:29:34",-66,-2,"05"
"12:29:34",-64,-2,"05"
"12:29:35",-67,0,"05"
"12:30:00",-60,-2,"05"
"12:30:00",-65,-2,"05"
"12:30:00",-67,-2,"05"
"12:30:00",-66,-2,"05"
"12:30:01",-66,-6,"05"
"12:30:01",-65,-6,"05"
"12:30:01",-64,-6,"05"
"12:30:35",-61,-8,"05"
"12:30:35",-60,-8,"05"
"12:30:35",-62,-8,"05"
"12:30:35",-67,-8,"05"
"12:30:36",-66,-2,"05"
"12:30:36",-61,-2,"05"
"12:30:36",-60,-2,"05"
"12:30:36",-59,-2,"05"
"12:30:36",-62,-2,"05"
"12:30:36",-67,-2,"05"
"12:30:37",-61,-3,"05"
"12:30:37",-60,-3,"05"
"12:30:37",-62,-3,"05"
"12:30:38",-61,-5,"05"
"12:30:38",-60,-5,"05"
"12:30:38",-67,-5,"05"
"12:30:38",-66,-5,"05"
"12:30:38",-65,-5,"05"
"12:30:38",-64,-5,"05"
"12:31:05",-60,-8,"05"
"12:31:05",-62,-8,"05"
"12:31:05",-61,-8,"05"
"12:31:05",-66,-8,"05"
"12:31:05",-75,-8,"05"
"12:31:06",-60,-5,"05"
"12:31:06",-59,-5,"05"
"12:31:06",-61,-5,"05"
"12:31:06",-62,-5,"05"
"12:31:06",-68,-5,"05"
"12:31:06",-66,-5,"05"
"12:31:07",-60,-10,"05"
"12:31:07",-61,-10,"05"
"12:31:07",-62,-10,"05"
"12:31:07",-67,-10,"05"
"12:31:11",-67,0,"05"
"12:31:35",-67,-5,"05"
"12:33:02",-67,-10,"05"
"12:33:04",-62,-7,"05"
"12:33:04",-61,-7,"05"
"12:33:04",-63,-7,"05"
"12:33:04",-67,-7,"05"
"12:33:06",-60,-9,"05"
"12:33:06",-65,-9,"05"
"12:33:06",-67,-9,"05"
"12:33:36",-61,-9,"05"
"12:33:36",-70,-9,"05"
"12:33:36",-60,-9,"05"
"12:34:04",-66,-11,"05"
"12:34:04",-67,-11,"05"
"12:34:04",-65,-11,"05"
"12:34:04",-61,-11,"05"
"12:34:04",-59,-11,"05"
"12:34:04",-60,-11,"05"
"12:34:05",-61,-8,"05"
"12:34:05",-68,-8,"05"
"12:35:34",-67,0,"05"
"12:35:34",-60,0,"05"
"12:35:34",-59,0,"05"
"12:35:34",-61,0,"05"
"12:35:40",-67,-9,"05"
"12:35:48",-67,-11,"05"
"12:36:04",-67,-13,"05"
"12:36:34",-66,-10,"05"
"12:36:34",-60,-10,"05"
"12:36:34",-61,-10,"05"
"12:36:34",-62,-10,"05"
"12:36:34",-68,-10,"05"
"12:36:34",-67,-10,"05"
"12:36:34",-65,-10,"05"
"12:36:34",-64,-10,"05"
"12:36:43",-66,-6,"05"
"12:39:30",-77,-21,"06"
"12:39:35",-78,-25,"06"
"12:39:43",-76,-19,"06"
"12:39:45",-76,-23,"06"
"12:39:45",-77,-23,"06"
"12:39:45",-74,-23,"06"
"12:39:45",-78,-23,"06"
"12:39:46",-78,-23,"06"
"12:39:46",-77,-23,"06"
"12:39:46",-76,-23,"06"
"12:39:46",-75,-23,"06"
"12:39:46",-73,-23,"06"
"12:39:46",-74,-23,"06"
"12:40:44",-71,-24,"06"
"12:40:44",-76,-24,"06"
"12:40:44",-75,-24,"06"
"12:40:44",-73,-24,"06"
"12:40:44",-72,-24,"06"
"12:40:44",-70,-24,"06"
"12:40:44",-69,-24,"06"
"12:40:44",-66,-24,"06"
"12:40:44",-68,-24,"06"
"12:40:44",-65,-24,"06"
"12:40:45",-67,-13,"06"
"12:40:45",-64,-13,"06"
"12:40:45",-71,-13,"06"
"12:40:45",-83,-13,"06"
"12:40:45",-77,-13,"06"
"12:40:45",-72,-13,"06"
"12:40:45",-73,-13,"06"
"12:40:45",-75,-13,"06"
"12:40:45",-80,-13,"06"
"12:40:45",-76,-13,"06"
"12:40:46",-81,-20,"06"
"12:40:46",-80,-20,"06"
"12:40:46",-75,-20,"06"
"12:40:46",-73,-20,"06"
"12:40:46",-77,-20,"06"
"12:40:46",-74,-20,"06"
"12:40:46",-79,-20,"06"
"12:40:46",-76,-20,"06"
"12:41:04",-77,-20,"06"
"12:41:04",-76,-20,"06"
"12:41:04",-75,-20,"06"
"12:41:04",-78,-20,"06"
"12:41:21",-77,-19,"06"
"12:42:04",-76,-26,"06"
"12:42:04",-77,-26,"06"
"12:42:05",-75,-19,"06"
"12:42:35",-77,-16,"06"
"12:42:35",-75,-16,"06"
"12:42:43",-77,-21,"06"
"12:42:43",-75,-21,"06"
"12:42:43",-76,-21,"06"
"12:42:43",-80,-21,"06"
"12:42:43",-78,-21,"06"
"12:42:46",-77,-27,"06"
"12:42:46",-75,-27,"06"
"12:42:46",-76,-27,"06"
"12:43:38",-76,-27,"06"
"12:43:38",-78,-27,"06"
"12:43:38",-77,-27,"06"
"12:43:38",-79,-27,"06"
"12:43:38",-75,-27,"06"
"12:43:39",-75,-17,"06"
"12:43:39",-81,-17,"06"
"12:43:39",-79,-17,"06"
"12:43:39",-77,-17,"06"
"12:43:39",-78,-17,"06"
"12:43:39",-76,-17,"06"
"12:43:39",-74,-17,"06"
"12:43:41",-76,-20,"06"
"12:43:41",-74,-20,"06"
"12:43:41",-75,-20,"06"
"12:43:41",-77,-20,"06"
"12:43:55",-76,-20,"06"
"12:43:55",-78,-20,"06"
"12:43:55",-75,-20,"06"
"12:43:56",-78,-21,"06"
"12:43:56",-75,-21,"06"
"12:43:56",-56,-21,"06"
"12:43:56",-79,-21,"06"
"12:43:56",-77,-21,"06"
"12:43:56",-73,-21,"06"
"12:43:57",-77,-16,"06"
"12:43:57",-75,-16,"06"
"12:43:57",-78,-16,"06"
"12:43:57",-76,-16,"06"
"12:43:59",-76,-20,"06"
"12:43:59",-74,-20,"06"
"12:43:59",-75,-20,"06"
"12:43:59",-77,-20,"06"
"12:43:59",-78,-20,"06"
"12:43:59",-79,-20,"06"
"12:44:00",-76,-20,"06"
"12:44:00",-77,-20,"06"
"12:44:00",-75,-20,"06"
"12:44:04",-77,-18,"06"
"12:44:04",-78,-18,"06"
"12:44:04",-76,-18,"06"
"12:44:04",-74,-18,"06"
"12:44:04",-75,-18,"06"
"12:44:31",-75,-22,"06"
"12:44:31",-76,-22,"06"
"12:44:31",-77,-22,"06"
"12:44:31",-78,-22,"06"
"12:44:31",-73,-22,"06"
"12:44:31",-74,-22,"06"
"12:44:32",-74,-19,"06"
"12:44:32",-77,-19,"06"
"12:44:32",-76,-19,"06"
"12:44:32",-75,-19,"06"
"12:44:32",-81,-19,"06"
"12:44:33",-81,-22,"06"
"12:44:33",-77,-22,"06"
"12:44:33",-76,-22,"06"
"12:44:33",-75,-22,"06"
"12:44:33",-74,-22,"06"
"12:44:33",-78,-22,"06"
"12:44:34",-76,-19,"06"
"12:44:34",-75,-19,"06"
"12:44:34",-77,-19,"06"
"12:44:34",-74,-19,"06"
"12:44:51",-77,-18,"06"
"12:44:51",-75,-18,"06"
"12:44:51",-74,-18,"06"
"12:44:51",-76,-18,"06"
"12:44:52",-76,-13,"06"
"12:45:04",-77,-22,"06"
"12:45:06",-76,-17,"06"
"12:45:06",-77,-17,"06"
"12:45:06",-78,-17,"06"
"12:45:06",-75,-17,"06"
"12:45:07",-76,-16,"06"
"12:45:07",-77,-16,"06"
"12:45:07",-75,-16,"06"
"12:45:07",-74,-16,"06"
"12:45:08",-76,-20,"06"
"12:45:08",-77,-20,"06"
"12:45:09",-76,-22,"06"
"12:45:17",-75,-24,"06"
"12:45:17",-77,-24,"06"
"12:45:17",-76,-24,"06"
"12:45:18",-79,-15,"06"
"12:45:18",-78,-15,"06"
"12:45:18",-77,-15,"06"
"12:45:18",-76,-15,"06"
"12:45:18",-80,-15,"06"
"12:45:18",-73,-15,"06"
"12:45:19",-76,-22,"06"
"12:45:19",-77,-22,"06"
"12:45:19",-75,-22,"06"
"12:45:20",-77,-16,"06"
"12:45:20",-76,-16,"06"
"12:45:22",-77,-24,"06"
"12:45:22",-76,-24,"06"
"12:45:22",-75,-24,"06"
"12:45:23",-78,-19,"06"
"12:45:23",-76,-19,"06"
"12:45:23",-74,-19,"06"
"12:45:23",-75,-19,"06"
"12:45:29",-77,-19,"06"
"12:45:29",-76,-19,"06"
"12:45:29",-74,-19,"06"
"12:45:31",-77,-24,"06"
"12:45:31",-76,-24,"06"
"12:45:31",-75,-24,"06"
"12:45:32",-78,-20,"06"
"12:45:32",-77,-20,"06"
"12:45:32",-76,-20,"06"
"12:45:33",-78,-19,"06"
"12:45:33",-76,-19,"06"
"12:45:33",-77,-19,"06"
"12:45:33",-75,-19,"06"
"12:45:34",-76,-22,"06"
"12:45:37",-78,-18,"06"
"12:45:37",-77,-18,"06"
"12:45:37",-76,-18,"06"
"12:45:37",-74,-18,"06"
"12:45:37",-73,-18,"06"
"12:45:37",-79,-18,"06"
"12:45:38",-77,-15,"06"
"12:45:38",-76,-15,"06"
"12:45:38",-75,-15,"06"
"12:45:39",-77,-22,"06"
"12:45:39",-76,-22,"06"
"12:45:39",-73,-22,"06"
"12:45:39",-74,-22,"06"
"12:45:39",-75,-22,"06"
"12:45:41",-77,-25,"06"
"12:45:41",-75,-25,"06"
"12:45:41",-76,-25,"06"
"12:45:41",-78,-25,"06"
"12:45:41",-74,-25,"06"
"12:46:02",-79,-16,"06"
"12:46:02",-77,-16,"06"
"12:46:02",-76,-16,"06"
"12:46:02",-75,-16,"06"
"12:46:02",-74,-16,"06"
"12:46:04",-76,-25,"06"
"12:46:04",-82,-25,"06"
"12:46:04",-80,-25,"06"
"12:46:04",-78,-25,"06"
"12:46:04",-74,-25,"06"
"12:46:04",-73,-25,"06"
"12:46:05",-77,-22,"06"
"12:46:05",-76,-22,"06"
"12:46:05",-74,-22,"06"
"12:46:05",-75,-22,"06"
"12:46:05",-78,-22,"06"
"12:46:06",-76,-20,"06"
"12:46:06",-74,-20,"06"
"12:46:06",-77,-20,"06"
"12:46:06",-75,-20,"06"
"12:46:06",-79,-20,"06"
"12:46:08",-76,-19,"06"
"12:46:08",-77,-19,"06"
"12:46:08",-74,-19,"06"
"12:46:09",-74,-18,"06"
"12:46:09",-79,-18,"06"
"12:46:09",-76,-18,"06"
"12:46:09",-75,-18,"06"
"12:46:12",-75,-16,"06"
"12:46:34",-77,-22,"06"
"12:46:34",-76,-22,"06"
"12:46:34",-75,-22,"06"
"12:46:54",-75,-20,"06"
"12:46:54",-76,-20,"06"
"12:46:54",-77,-20,"06"
"12:46:54",-79,-20,"06"
"12:47:34",-80,-19,"06"
"12:47:34",-78,-19,"06"
"12:47:34",-76,-19,"06"
"12:47:34",-75,-19,"06"
"12:47:34",-74,-19,"06"
"12:47:34",-77,-19,"06"
"12:47:50",-81,-17,"06"
"12:47:53",-75,-15,"06"
"12:47:54",-76,-14,"06"
"12:47:54",-77,-14,"06"
"12:47:54",-79,-14,"06"
"12:48:22",-76,-26,"06"
"12:48:34",-77,-15,"06"
"12:48:34",-76,-15,"06"
"12:48:34",-75,-15,"06"
"12:48:34",-78,-15,"06"
"12:48:39",-77,-14,"06"
"12:48:40",-77,-16,"06"
"12:48:40",-75,-16,"06"
"12:48:40",-76,-16,"06"
"12:48:40",-74,-16,"06"
"12:49:05",-76,-19,"06"
"12:56:34",-73,-19,"07"
"12:56:34",-72,-19,"07"
"12:56:34",-78,-19,"07"
"12:56:34",-81,-19,"07"
"12:56:34",-77,-19,"07"
"12:56:34",-84,-19,"07"
"12:57:04",-89,-15,"07"
"13:02:34",-84,-16,"07"
"13:02:34",-86,-16,"07"
"13:02:34",-85,-16,"07"
"12:58:28",-84,-24,"07"
"12:58:28",-83,-24,"07"
"12:58:28",-85,-24,"07"
"12:58:28",-86,-24,"07"
"12:58:28",-87,-24,"07"
"12:58:28",-88,-24,"07"
"12:58:26",-84,-24,"07"
"12:58:26",-85,-24,"07"
"12:58:26",-80,-24,"07"
"12:58:24",-84,-28,"07"
"12:58:24",-79,-28,"07"
"12:58:24",-80,-28,"07"
"12:58:24",-83,-28,"07"
"12:58:24",-85,-28,"07"
"12:58:24",-86,-28,"07"
"12:58:24",-88,-28,"07"
"12:58:24",-89,-28,"07"
"12:58:25",-83,-24,"07"
"12:58:25",-89,-24,"07"
"12:59:34",-88,-22,"07"
"13:03:34",-89,-23,"07"
"13:03:34",-85,-23,"07"
"13:03:34",-86,-23,"07"
"13:03:34",-88,-23,"07"
"13:01:36",-85,-25,"07"
"13:01:36",-89,-25,"07"
"13:01:36",-88,-25,"07"
"13:01:36",-87,-25,"07"
"13:01:35",-87,-20,"07"
"12:58:36",-88,-21,"07"
"12:58:36",-85,-21,"07"
"13:05:06",-88,-21,"07"
"13:05:06",-87,-21,"07"
"13:05:06",-82,-21,"07"
"13:05:06",-83,-21,"07"
"13:05:05",-85,-22,"07"
"13:05:05",-83,-22,"07"
"13:05:05",-84,-22,"07"
"13:05:05",-89,-22,"07"
"13:05:05",-82,-22,"07"
"13:05:03",-91,-15,"07"
"13:05:03",-86,-15,"07"
"13:05:03",-83,-15,"07"
"13:05:03",-85,-15,"07"
"13:05:03",-84,-15,"07"
"13:05:02",-90,-27,"07"
"13:05:02",-88,-27,"07"
"13:05:02",-87,-27,"07"
"13:05:02",-84,-27,"07"
"13:05:02",-83,-27,"07"
"13:05:02",-82,-27,"07"
"13:05:02",-80,-27,"07"
"13:05:02",-85,-27,"07"
"13:05:02",-86,-27,"07"
"13:05:01",-88,-13,"07"
"13:05:01",-87,-13,"07"
"13:05:01",-89,-13,"07"
"13:05:01",-90,-13,"07"
"13:05:01",-86,-13,"07"
"13:05:00",-85,-22,"07"
"13:05:00",-86,-22,"07"
"13:05:00",-88,-22,"07"
"13:05:00",-87,-22,"07"
"13:00:35",-91,-21,"07"
"13:00:33",-84,-19,"07"
"13:05:33",-88,-26,"07"
"13:05:33",-89,-26,"07"
"13:05:34",-91,-22,"07"
"13:05:34",-90,-22,"07"
"13:05:34",-89,-22,"07"
"13:05:34",-93,-22,"07"
"13:04:34",-91,-22,"07"
"13:04:34",-87,-22,"07"
"13:04:34",-88,-22,"07"
"13:03:36",-89,-23,"07"
"13:03:36",-90,-23,"07"
"13:03:36",-87,-23,"07"
"13:03:36",-85,-23,"07"
"13:03:36",-84,-23,"07"
"13:03:36",-86,-23,"07"
"13:43:01",-77,-20,"08"
"13:43:01",-76,-20,"08"
"13:43:01",-75,-20,"08"
"13:43:02",-72,-18,"08"
"13:43:02",-76,-18,"08"
"13:47:22",-76,-12,"08"
"13:47:22",-77,-12,"08"
"13:47:22",-72,-12,"08"
"13:44:48",-76,-16,"08"
"13:44:48",-70,-16,"08"
"13:44:48",-75,-16,"08"
"13:44:48",-74,-16,"08"
"13:44:48",-71,-16,"08"
"13:44:49",-71,-15,"08"
"13:44:49",-77,-15,"08"
"13:44:49",-76,-15,"08"
"13:44:49",-69,-15,"08"
"13:44:49",-73,-15,"08"
"13:42:20",-70,-21,"08"
"13:42:21",-75,-21,"08"
"13:42:21",-70,-21,"08"
"13:41:33",-71,-18,"08"
"13:41:33",-70,-18,"08"
"13:41:33",-72,-18,"08"
"13:42:24",-73,-16,"08"
"13:42:25",-75,-19,"08"
"13:42:25",-74,-19,"08"
"13:42:25",-71,-19,"08"
"13:42:25",-70,-19,"08"
"13:42:25",-69,-19,"08"
"13:42:25",-76,-19,"08"
"13:42:27",-75,-22,"08"
"13:42:27",-72,-22,"08"
"13:42:27",-70,-22,"08"
"13:42:27",-71,-22,"08"
"13:48:19",-73,-21,"08"
"13:48:19",-77,-21,"08"
"13:48:19",-70,-21,"08"
"13:48:19",-72,-21,"08"
"13:48:19",-79,-21,"08"
"13:48:19",-75,-21,"08"
"13:48:19",-76,-21,"08"
"13:48:19",-71,-21,"08"
"13:49:07",-75,-22,"08"
"13:49:07",-76,-22,"08"
"13:49:07",-71,-22,"08"
"13:49:07",-72,-22,"08"
"13:40:34",-71,-22,"08"
"13:43:36",-76,-25,"08"
"13:43:36",-75,-25,"08"
"13:43:36",-71,-25,"08"
"13:43:36",-72,-25,"08"
"13:40:36",-77,-18,"08"
"13:40:36",-71,-18,"08"
"13:40:36",-75,-18,"08"
"13:40:36",-74,-18,"08"
"13:40:36",-81,-18,"08"
"13:40:36",-70,-18,"08"
"13:48:50",-77,-17,"08"
"13:44:06",-76,-32,"08"
"13:44:06",-71,-32,"08"
"13:44:06",-74,-32,"08"
"13:44:06",-72,-32,"08"
"13:44:06",-77,-32,"08"
"13:42:22",-74,-30,"08"
"13:44:57",-77,-9,"08"
"13:44:57",-76,-9,"08"
"13:44:57",-75,-9,"08"
"13:44:57",-74,-9,"08"
"13:44:57",-70,-9,"08"
"13:48:22",-76,-20,"08"
"13:48:22",-75,-20,"08"
"13:48:22",-71,-20,"08"
"13:48:22",-77,-20,"08"
"13:48:22",-74,-20,"08"
"13:48:20",-76,-23,"08"
"13:48:20",-74,-23,"08"
"13:48:20",-51,-23,"08"
"13:48:20",-75,-23,"08"
"13:48:20",-73,-23,"08"
"13:48:20",-77,-23,"08"
"13:48:20",-72,-23,"08"
"13:48:21",-77,-24,"08"
"13:48:21",-74,-24,"08"
"13:48:21",-75,-24,"08"
"13:48:21",-76,-24,"08"
"13:49:33",-71,-23,"08"
"13:49:33",-70,-23,"08"
"13:49:33",-72,-23,"08"
"13:49:33",-73,-23,"08"
"13:42:18",-75,-16,"08"
"13:42:14",-76,-25,"08"
"13:42:14",-75,-25,"08"
"13:40:48",-74,-20,"08"
"13:40:48",-75,-20,"08"
"13:40:48",-70,-20,"08"
"13:40:48",-72,-20,"08"
"13:40:48",-71,-20,"08"
"13:40:49",-73,-12,"08"
"13:40:49",-74,-12,"08"
"13:40:49",-71,-12,"08"
"13:40:49",-75,-12,"08"
"13:40:49",-72,-12,"08"
"13:40:49",-70,-12,"08"
"13:45:08",-75,-19,"08"
"13:42:26",-71,-18,"08"
"13:42:26",-72,-18,"08"
"13:43:54",-76,-15,"08"
"13:43:54",-75,-15,"08"
"13:43:54",-71,-15,"08"
"13:43:54",-77,-15,"08"
"13:43:55",-76,-22,"08"
"13:44:12",-77,-28,"08"
"13:47:36",-75,-16,"08"
"13:47:36",-74,-16,"08"
"13:47:36",-76,-16,"08"
"13:47:36",-71,-16,"08"
"13:47:36",-77,-16,"08"
"13:48:06",-75,-22,"08"
"13:48:06",-74,-22,"08"
"13:48:06",-76,-22,"08"
"13:45:36",-75,-33,"08"
"13:45:36",-74,-33,"08"
"13:45:36",-70,-33,"08"
"13:45:36",-69,-33,"08"
"13:45:36",-71,-33,"08"
"13:45:36",-76,-33,"08"
"13:45:36",-81,-33,"08"
"13:45:30",-76,-26,"08"
"13:45:30",-75,-26,"08"
"13:45:31",-69,-24,"08"
"13:45:31",-71,-24,"08"
"13:45:31",-70,-24,"08"
"13:45:31",-76,-24,"08"
"13:42:37",-75,-26,"08"
"13:42:37",-76,-26,"08"
"13:42:37",-74,-26,"08"
"13:42:37",-70,-26,"08"
"13:42:37",-71,-26,"08"
"13:42:37",-72,-26,"08"
"13:42:37",-77,-26,"08"
"13:42:34",-71,-25,"08"
"13:42:34",-72,-25,"08"
"13:42:34",-75,-25,"08"
"13:42:34",-76,-25,"08"
"13:42:34",-70,-25,"08"
"13:42:34",-54,-25,"08"
"13:43:49",-76,-26,"08"
"13:43:49",-75,-26,"08"
"13:43:49",-74,-26,"08"
"13:43:49",-69,-26,"08"
"13:43:49",-70,-26,"08"
"13:43:49",-73,-26,"08"
"13:43:49",-77,-26,"08"
"13:43:49",-72,-26,"08"
"13:59:37",-87,-24,"09"
"13:59:37",-82,-24,"09"
"13:59:33",-85,-25,"09"
"13:59:33",-82,-25,"09"
"13:57:07",-87,-22,"09"
"13:57:07",-84,-22,"09"
"13:57:07",-85,-22,"09"
"13:57:07",-86,-22,"09"
"13:58:07",-85,-25,"09"
"13:58:07",-86,-25,"09"
"13:58:07",-84,-25,"09"
"13:58:07",-87,-25,"09"
"13:58:07",-88,-25,"09"
"14:01:38",-86,-17,"09"
"13:58:33",-88,-29,"09"
"13:58:33",-86,-29,"09"
"13:58:33",-87,-29,"09"
"13:58:33",-85,-29,"09"
"14:01:33",-85,-24,"09"
"14:01:33",-84,-24,"09"
"14:01:33",-83,-24,"09"
"13:55:35",-82,-16,"09"
"13:55:35",-87,-16,"09"
"13:55:35",-84,-16,"09"
"13:55:35",-83,-16,"09"
"13:55:35",-88,-16,"09"
"14:02:07",-88,-20,"09"
"14:02:07",-85,-20,"09"
"13:54:37",-85,-19,"09"
"13:54:37",-86,-19,"09"
"13:54:37",-84,-19,"09"
"13:54:31",-85,-20,"09"
"13:54:31",-86,-20,"09"
"13:54:31",-87,-20,"09"
"13:56:07",-86,-20,"09"
"13:56:07",-87,-20,"09"
"13:56:07",-85,-20,"09"
"13:56:07",-82,-20,"09"
"13:56:07",-84,-20,"09"
"14:00:07",-86,-24,"09"
"14:00:07",-83,-24,"09"
"14:00:07",-84,-24,"09"
"13:54:29",-88,-28,"09"
"13:54:29",-87,-28,"09"
"13:56:33",-83,-21,"09"
"13:56:33",-84,-21,"09"
"13:56:37",-86,-28,"09"
"13:57:13",-82,-19,"09"
"13:57:13",-83,-19,"09"
"13:57:13",-84,-19,"09"
"13:57:13",-85,-19,"09"
"13:57:12",-84,-16,"09"
"13:57:12",-86,-16,"09"
"13:57:12",-83,-16,"09"
"13:57:14",-85,-17,"09"
"13:57:14",-87,-17,"09"
"13:53:34",-83,-18,"09"
"13:53:37",-87,-22,"09"
"13:52:37",-86,-29,"09"
"13:52:37",-87,-29,"09"
"13:55:37",-83,-17,"09"
"13:55:37",-85,-17,"09"
"13:55:37",-87,-17,"09"
"13:55:37",-86,-17,"09"
"13:55:37",-84,-17,"09"
"13:55:36",-82,-17,"09"
"14:07:08",-75,-22,10
"14:07:08",-76,-22,10
"14:07:08",-71,-22,10
"14:07:08",-72,-22,10
"14:07:08",-70,-22,10
"14:07:09",-71,-21,10
"14:06:32",-82,-29,10
"14:06:32",-77,-29,10
"14:06:33",-77,-30,10
"14:06:33",-79,-30,10
"14:06:33",-78,-30,10
"14:06:37",-78,-22,10
"14:06:37",-76,-22,10
"14:06:37",-73,-22,10
"14:06:37",-71,-22,10
"14:06:37",-72,-22,10
"14:14:42",-78,-11,10
"14:11:51",-76,-19,10
"14:09:40",-72,-19,10
"14:09:40",-77,-19,10
"14:09:40",-76,-19,10
"14:09:40",-75,-19,10
"14:09:40",-71,-19,10
"14:09:40",-70,-19,10
"14:10:08",-73,-32,10
"14:10:08",-77,-32,10
"14:10:08",-72,-32,10
"14:10:06",-75,-17,10
"14:10:07",-75,-29,10
"14:10:07",-71,-29,10
"14:10:07",-70,-29,10
"14:10:07",-72,-29,10
"14:10:07",-74,-29,10
"14:09:43",-76,-20,10
"14:09:43",-75,-20,10
"14:09:43",-71,-20,10
"14:13:50",-76,-17,10
"14:13:50",-70,-17,10
"14:13:50",-71,-17,10
"14:13:50",-75,-17,10
"14:13:50",-72,-17,10
"14:13:50",-69,-17,10
"14:13:50",-74,-17,10
"14:12:51",-77,-27,10
"14:11:57",-73,-28,10
"14:11:57",-72,-28,10
"14:11:57",-76,-28,10
"14:11:57",-75,-28,10
"14:13:47",-76,-22,10
"14:06:07",-76,-23,10
"14:06:07",-73,-23,10
"14:06:07",-71,-23,10
"14:06:07",-77,-23,10
"14:06:07",-72,-23,10
"14:06:07",-66,-23,10
"14:13:49",-71,-21,10
"14:13:49",-77,-21,10
"14:13:49",-76,-21,10
"14:13:49",-75,-21,10
"14:13:49",-72,-21,10
"14:11:41",-72,-23,10
"14:11:41",-70,-23,10
"14:11:41",-76,-23,10
"14:11:41",-71,-23,10
"14:11:45",-76,-23,10
"14:11:45",-75,-23,10
"14:11:45",-70,-23,10
"14:11:44",-77,-24,10
"14:11:44",-75,-24,10
"14:09:39",-75,-17,10
"14:09:39",-72,-17,10
"14:09:39",-71,-17,10
"14:14:33",-76,-19,10
"14:14:33",-71,-19,10
"14:14:33",-72,-19,10
"14:14:33",-73,-19,10
"14:14:33",-77,-19,10
"14:11:38",-76,-15,10
"14:11:38",-71,-15,10
"14:11:38",-72,-15,10
"14:11:38",-78,-15,10
"14:11:38",-77,-15,10
"14:11:38",-73,-15,10
"14:11:38",-75,-15,10
"14:11:39",-70,-24,10
"14:11:39",-71,-24,10
"14:11:39",-72,-24,10
"14:11:39",-73,-24,10
"14:11:39",-78,-24,10
"14:11:34",-76,-26,10
"14:11:34",-72,-26,10
"14:11:35",-77,-19,10
"14:11:37",-72,-27,10
"14:11:37",-71,-27,10
"14:11:37",-77,-27,10
"14:12:26",-74,-21,10
"14:12:27",-71,-20,10
"14:12:27",-76,-20,10
"14:12:27",-75,-20,10
"14:12:27",-74,-20,10
"14:12:27",-72,-20,10
"14:12:27",-70,-20,10
"14:12:24",-70,-22,10
"14:12:24",-75,-22,10
"14:12:24",-77,-22,10
"14:12:24",-76,-22,10
"14:12:25",-71,-27,10
"14:12:25",-75,-27,10
"14:12:25",-78,-27,10
"14:12:25",-76,-27,10
"14:12:25",-74,-27,10
"14:12:22",-77,-21,10
"14:12:22",-76,-21,10
"14:12:22",-72,-21,10
"14:10:29",-77,-20,10
"14:10:29",-75,-20,10
"14:05:07",-76,-22,10
"14:05:07",-72,-22,10
"14:05:07",-71,-22,10
"14:11:26",-75,-19,10
"14:11:26",-74,-19,10
"14:11:26",-76,-19,10
"14:11:26",-71,-19,10
"14:11:26",-70,-19,10
"14:13:37",-72,-18,10
"14:13:37",-76,-18,10
"14:13:07",-77,-29,10
"14:13:07",-75,-29,10
"14:13:07",-76,-29,10
"14:13:07",-70,-29,10
"14:13:07",-71,-29,10
"14:13:07",-72,-29,10
"14:12:21",-72,-25,10
"14:12:21",-76,-25,10
"14:12:21",-77,-25,10
"14:12:21",-71,-25,10
"14:12:21",-73,-25,10
"14:12:21",-70,-25,10
"14:11:50",-72,-24,10
"14:11:50",-71,-24,10
"14:11:50",-76,-24,10
"14:11:50",-78,-24,10
"14:12:38",-76,-19,10
"14:12:38",-75,-19,10
"14:12:38",-72,-19,10
"14:12:38",-77,-19,10
"14:12:33",-72,-20,10
"14:12:33",-71,-20,10
"14:12:33",-76,-20,10
"14:12:32",-75,-19,10
"14:12:32",-71,-19,10
"14:12:32",-72,-19,10
